,title,score,id,subreddit,url,num_comments,body,created
0,Decentralization-Boosting Mining Protocol Stratum V2: Overview & Progress Update,86,m16uon,Bitcoin,https://www.reddit.com/r/Bitcoin/comments/m16uon/decentralizationboosting_mining_protocol_stratum/,27,"Over the past year, we've explained many benefits of the Stratum V2 mining protocol **for miners, pools, and the Bitcoin network as a whole**. Now it's time for a recap & update on development + adoption ðŸ‘‡

[https:\/\/braiins.com\/bitcoin-mining-stack-upgrade](https://preview.redd.it/oqq4kyhm30m61.png?width=1199&format=png&auto=webp&s=cb28be028fff3a67534abd209e8d1e009a8315e1)

**For those not familiar** with the features of Stratum V2 or how it compares to Stratum V1 & BetterHash, we have [an overview](https://braiins.com/bitcoin-mining-stack-upgrade) for you (check the Compare tab for more). It also includes a Q&A with protocol authors [Matt Corallo](https://twitter.com/TheBlueMatt), [Jan Capek](https://twitter.com/janbraiins) and [Pavel Moravec](https://twitter.com/mor_pav).

[https:\/\/braiins.com\/upgrade\/compare-mining-protocols](https://preview.redd.it/lfabnz5z30m61.png?width=1108&format=png&auto=webp&s=c0deab79ca092c68515e9c8af5f5492c88c4f1b6)

**DECENTRALIZATION:**

While all of the features are relevant to miners & mining pools, the **aspect of Stratum V2 that most non-miner Bitcoiners care about is Job Negotiation**. This is a sub-protocol that enables miners to construct their own blocks, a task currently only being done by pools.

We recommend the following piece from [Karim Helmy](https://twitter.com/karimhelpme) (R&D at [Coinmetrics](https://twitter.com/coinmetrics)) which includes an explanation of out-of-band payments, a potential economic incentive for miners to adopt Job Negotiation.

>[Deribit Insights](https://insights.deribit.com/market-research/stratum-v2-migration-and-decentralization/): ""Stratum V2: Migration and Decentralization""

We also have a deeper explanation of how Stratum V2 can impact Bitcoin's decentralization and how the Job Negotiation process works. Approximately 94% of Bitcoin's hashrate currently goes through Chinese mining pools, while some \~65% is physically produced in China during the rainy season. Safe to say, **Bitcoin decentralization isn't perfect. TL;DR: Stratum V2 can help** â¬‡ï¸

>""[Bitcoinâ€™s Decentralization with Stratum V2](https://braiins.com/blog/stratum-v2-bitcoin-decentralization)""

[https:\/\/braiins.com\/blog\/stratum-v2-bitcoin-decentralization](https://preview.redd.it/vo0x4d1m50m61.png?width=862&format=png&auto=webp&s=d12daa1f9f8dc2f10b861759d8f465a08eb0b442)

**ADOPTION:**

So, what is the state of Stratum V2 adoption today?  Well, it's still very early days. We have an implementation on r/slushpool and in our [Braiins OS+](https://braiins.com/os/plus) firmware, so there are already many miners using V2. However, this doesn't include Job Negotiation yet...

The reason is that **there are changes necessary in Bitcoin Core** in order to make Job Negotiation possible. So there can't be a full implementation of Stratum V2 until those changes are made. Good news: **the development is in progress with a help from Square Crypto!**

[Wohoo!](https://preview.redd.it/ondex2so70m61.png?width=885&format=png&auto=webp&s=5747c121987bb40adfd5240af5ef4dabc7bdd2c3)

Until then, mining pools will remain the sole entities constructing blocks to add to the Bitcoin blockchain. However, **miners can still benefit from partial V2 implementations** which improve efficiency, privacy, and security (e.g. man-in-the-middle attack prevention). 

We believe **Stratum V2 will have a significant long-term impact** on the mining industry, particularly as transaction fees account for an increasing proportion of mining revenue. 

We'll be sure to update the community again as the development progresses.",1615326884
1,"Beautiful!   
The decision on which tx to include will belong to the individual miner -- not the pool operator.",,,,,,,1615327974
2,"Opinions are like ...., I know. But I ask your opinion on how the large mining outfits will take this? Is this a non adversarial effort or are we potentially ""Segwit II, the return to the great battle"" coming to a theater near you.",,,,,,,1615327992
3,one of the most important improvements in the long run - kudos!,,,,,,,1615335654
4,itâ€™s so cool seeing how different teams are improving the bitcoin ecosystem. thx for your hard work ðŸ‘,,,,,,,1615343831
5,What about voting on new initiatives. Does Stratusv2 allow miners to cast their own votes on new blocks and how would that work?,,,,,,,1615338447
6,All it takes is for a larger pool to perform a centralized action and then miners will propagate to V2 i imagine.,,,,,,,1615338559
7,"So, just so I understand, this isnâ€™t any sort of hard fork? This constitutes no changes to the consensus protocol for what nodes will consider to be a valid block?",,,,,,,1615344218
8,Formal education will make you a living; self-education will make you a fortune.,,,,,,,1615355703
9,Nice.,,,,,,,1615341844
10,"What are the changes needed to bitcoin core needed for job negotiation? I wouldn't have thought any protocol change would be needed. In [braiins' description of stratum v2 job negotiation](https://braiins.com/blog/stratum-v2-bitcoin-decentralization), I don't see anywhere where a bitcoin protocol change would be necessary. Could you clarify?

Also, if you work for Braiins, I wanted to mention that its SUPER annoying that the subscribe popup comes up every 60 seconds. Even after you subscribe, it keeps coming up. Please fix that if you work there.

A separate question: I've heard job negotiation is optional when using V2. Is that true? Why not make job negotiation a requirement of v2 (once it becomes possible)?",,,,,,,1615350458
11,Amazing it solves one of the worry we have that China can censor specific transactions. How long would it take to fully implement?,,,,,,,1615347850
12,Thanks for this information. Interesting.,,,,,,,1615361583
13,It comes out very cool when a team can begin their development without external fundraising or ICO like Graphene blockchain. They also didâ€™t do any pre-mine! Just a nice and speedy blockchain architecture,,,,,,,1615340570
14,"This is obviously great but it will need some sort of marketing to get the word out and explain to miners why they should care so that they can start to think about it. 

Do you think lightning can be used for out of band payments and to pay out to miners?",,,,,,,1615398777
15,"Daily Discussion, March 10, 2021",20,m1r0ji,Bitcoin,https://www.reddit.com/r/Bitcoin/comments/m1r0ji/daily_discussion_march_10_2021/,141,"Please utilize this sticky thread for all general **Bitcoin** discussions! If you see posts on the front page or /r/Bitcoin/new which are better suited for this daily discussion thread, please help out by directing the OP to this thread instead. Thank you!

If you don't get an answer to your question, you can try phrasing it differently or commenting again tomorrow.

[Join us in the r/Bitcoin Chatroom!](https://discord.gg/qE3rWBRNqh)

Please check the [previous discussion thread](https://www.reddit.com/r/Bitcoin/comments/m0zd7j/daily_discussion_march_09_2021/) for unanswered questions.",1615385644
16,Oracle BUYING / announcing tomorrow + Stim cheques,,,,,,,1615389318
17,Read! http://modernconsensus.com/cryptocurrencies/bitcoin/markets-report-bitcoin-hits-54500-amid-rumors-oracle-wants-70000-btc/,,,,,,,1615389353
18,I don't understand people in this group pumping it up to $50 and then tonight get scared of a dip to $53k lol people are nuts.,,,,,,,1615385933
19,"Just bought 0.017, I am still optimistic on BTC.",,,,,,,1615389355
20,"# Once you see that bitcoin is more solid than solid gold, you can't unsee.",,,,,,,1615390171
21,60k today?,,,,,,,1615389741
22,"HONEST QUESTION: 
Who will earn more, HODLers or Traders?",,,,,,,1615392295
23,The Corn is growing,,,,,,,1615397787
24,The tragedy of bitcoin is how many people will miss out on a type of opportunity that may only appear once in 10 generations. How sad it would be to be born into such an historic era and to not have participated in its defining event. Imagine how foolish you would look to your descendants.,,,,,,,1615387379
25,Is Oracle announcing today? Or just a rumor?,,,,,,,1615388358
26,OracleðŸ•¶,,,,,,,1615390732
27, if you need to shuffle bitcoin around now is a good time...6 sats per byte will get ur tx confirmedÂ fast,,,,,,,1615396505
28,ðŸ’ŽðŸ†,,,,,,,1615387676
29,HODL ME,,,,,,,1615390714
30,Good morning! Today is gonna be a good day.,,,,,,,1615391838
31,"Gen X investing: I'm going to fund a comfortable index fund, mutual fund, or bond to slowly grow my retirement fund at 5-10% per year.

Gen Y investing: I need to outperform the market. I'm going to find the next big tech thing to invest in that grows at 25-100% per year. After 5-10 years, I may be able to retire early.

Gen Z investing: I just learned about investing yesterday and bought something on social media I know nothing about. I expect it to go up 1,000% tomorrow and I'm already checking out lambos. I have diamond hands. OMG it just went down 2% whats happening do I sell?",,,,,,,1615392471
32,Grayscale ETF job postings? https://twitter.com/bloqport/status/1369565836923576320?s=21,,,,,,,1615395285
33,"Who will buy Bitcoin first, Queen or Megan?ðŸ¤”",,,,,,,1615396452
34,Â£40k incoming,,,,,,,1615398112
35,"If youâ€™re familiar with r/churning, I had a boatload of Chase UR points.  Those points would have given me multiple international first class flights.  I decided to cash them out instead and bought in at $46k, adding to my btc total.  Iâ€™m hoping Bitcoin will afford me to always travel in first class.",,,,,,,1615386678
36,"Wait, we get a daily discussion each day now?",,,,,,,1615385731
37,53k resistance line is the clown that helps catch bulls at rodeos. We goin up,,,,,,,1615386647
38,[https://imgur.com/a/yL1b1jZ](https://imgur.com/a/yL1b1jZ),,,,,,,1615390282
39,"If you were going to explain BTC and Crypto to your grandma so sheâ€™d a) understand and b) want to buy in, what would you say?",,,,,,,1615395821
40,Gotta love the corn ðŸŒ½,,,,,,,1615397597
41,We hitting $58k today boys,,,,,,,1615385899
42,Buy bitcoin,,,,,,,1615385907
43,spent the soon coming $1400 stimi on bitcoin 3 days ago. Was able to catch a nice dip during coinbase maintenance. However I'm not really sure what my next move are because over the many years of stacking I'm now more wealthy in bits then liquid cash. I'll keep stacking but I really look forward to that sat parody.,,,,,,,1615388422
44,The calm before the storm called ATH,,,,,,,1615391361
45,Does anyone know what time will be discussed about 1.9Trillion?  Will be this online on TV?,,,,,,,1615393404
46,Bitcoin rising from the ashes of a few hours ago,,,,,,,1615395346
47,[deleted],,,,,,,1615395494
48,"i will not shut up till 60K
:)",,,,,,,1615390119
49,"With the first comment of the thread, I will invite Janet Yellen to suck my dick",,,,,,,1615385724
50,Ahh todayâ€™s riot/Mara gains goin straight to the shitter bois,,,,,,,1615386625
51,"Corn futures up 0,5%

100K EOD",,,,,,,1615388046
52,Crazy that Plan B and Willy Woo got banned from Twitter. Wonder how this will play out throughout the day?,,,,,,,1615387921
53,"WBTC is in limit only on CB Pro, anyone know why? Or when it will come off limit only? I don't see anything about it on their status page.",,,,,,,1615387547
54,Willy woo and plan b are back on Twitter. Who knows what happened. Oh well.,,,,,,,1615390904
55,When is Oracle report?,,,,,,,1615399836
56,Do you think we will get a slight drop soon or should I go ahead and buy some BTC,,,,,,,1615389826
57,[deleted],,,,,,,1615393335
58,"Buy now or wait for correction? This has to go down a bit any day, no??",,,,,,,1615393111
59,Bitcoin Recovery,6629,m1j5k6,Bitcoin,https://v.redd.it/h2odblqt43m61,208,,1615360468
60,What in the world?,,,,,,,1615362141
61,That's basically proof we are living in a simulation,,,,,,,1615365265
62,"Iâ€™ve been a firm atheist all my life, but this is clearly a miracle.",,,,,,,1615371070
63,What are the odds?,,,,,,,1615362344
64,ðŸ˜‚ðŸš€ TO THE M                    iddle shelf ðŸ˜«,,,,,,,1615370498
65,"Are we finally gonna hit +60k this month? #ToTheMoon100k

Any good predictions out there?",,,,,,,1615365695
66,Is Tesla making soda bottles now?!,,,,,,,1615365299
67,I just watched this 50 times and I still don't believe it. I'm pretty sure my reality isn't real now,,,,,,,1615384930
68,This clip is incredible!! You win!,,,,,,,1615372732
69,Is that water or soda?,,,,,,,1615363338
70,Lmfao i downloaded the source gif of this ome at lunch to make this one later.,,,,,,,1615365965
71,More like  V 54k \^ 58k ðŸº,,,,,,,1615364559
72,"Is this real world?
Is this fantasy?",,,,,,,1615369577
73,I still donâ€™t get why people panic when BTC drops 5-10k. I always knew it would have skyrocketed over 10k. Itâ€™s at 53k right now and I have no doubts that it will be at 100k.,,,,,,,1615373697
74,Lmao this is one of those vids unless u seen it nobody would believe,,,,,,,1615374827
75,Uhhh is that real?! ðŸ˜³ðŸ˜³ðŸ˜³,,,,,,,1615367682
76,This has to be edited in some way what the fuck,,,,,,,1615370960
77,Swimming back up like a sperm swims to his goal....ðŸ¤¦ðŸ»â€â™€ï¸ðŸš€ðŸ¦ðŸ¥,,,,,,,1615372851
78,"*fingers crossed

â€œplease donâ€™t jump until i get paid. please donâ€™t jump until i get paid.â€",,,,,,,1615373164
79,Better than Spacex,,,,,,,1615387469
80,God is with us,,,,,,,1615363621
81,Anything is possible âœ…,,,,,,,1615365827
82,Accurate!,,,,,,,1615368120
83,Donâ€™t get it but nice trickshot,,,,,,,1615368176
84,"So cool, itâ€™s Bitcoin all the way !!",,,,,,,1615368776
85,WHATTTT AHAHAHA,,,,,,,1615368818
86,LOL. What the shat is that? ðŸ˜†,,,,,,,1615369259
87,I could be more satisfied with the outcome,,,,,,,1615369513
88,The bottle was full of water and bubbles,,,,,,,1615369952
89,what is that one subreddit where you 'retire' the gif after it's been used perfectly,,,,,,,1615370705
90,Buy the dips,,,,,,,1615370873
91,"People who are selling their Bitcoins, why?",,,,,,,1615371094
92,I need the original gif please,,,,,,,1615371513
93,Why is every coin dropping all at once? How can sellers communicate this efficiently?,,,,,,,1615371951
94,Nice.,,,,,,,1615371979
95,How amazing,,,,,,,1615372105
96,u/savethisvideo,,,,,,,1615372531
97,"Newton's Law: What goes down, will eventually, maybe, come up.",,,,,,,1615372874
98,This is a copy cat from DogeCoin recovery. ðŸ˜,,,,,,,1615373120
99,Is this a nft I can buy?,,,,,,,1615373389
100,Blue Hands catch...soda bottles,,,,,,,1615375438
101,Top notch content,,,,,,,1615375898
102, Bottle Hodl ðŸš€,,,,,,,1615376509
103,Letâ€™s bring blackberry back up!!,,,,,,,1615376531
104,Next venture!!,,,,,,,1615376570
105,"Chat me up for BTC mining, always available...",,,,,,,1615376717
106,"NFT upon request:

https://opensea.io/assets/0x495f947276749ce646f68ac8c248420045cb7b5e/88848586004245955871512939679456443734330913071584546971752582461596847046657",,,,,,,1615377077
107,OK but I seriously need to know if that's real now,,,,,,,1615377514
108,it dropped to 53 again. im hoping it jumps right back up and filter out paperhanded bitches,,,,,,,1615377855
109,Itâ€™s in reverse... right,,,,,,,1615378259
110,ðŸ‘ðŸ¼ðŸ‘ðŸ¼ðŸ˜‚,,,,,,,1615378371
111,aaaaaaaand itÂ´s gone,,,,,,,1615378792
112,ðŸ¤£ðŸ¤£ðŸ¤£ðŸ¤£ðŸ¤£,,,,,,,1615379672
113,So LOOLLLLL ðŸ˜‚,,,,,,,1615379874
114,Fabulously tremendous!!!,,,,,,,1615379916
115,Someone call in Captain Disillusion. This one needs a lot of analysis.,,,,,,,1615379953
116,This is the best,,,,,,,1615380826
117,magic potionðŸ¤”ðŸ§,,,,,,,1615380974
118,We heading to 60k soon my bois!!,,,,,,,1615382824
119,You should make a loop to simulate the range,,,,,,,1615383048
120,You gotta be shitting me. How does that happen,,,,,,,1615383062
121,I want more.,,,,,,,1615383456
122,Hitting 100k soon,,,,,,,1615383782
123,oh no... IT'S A LOOP,,,,,,,1615387592
124,"Spongebob meme: ""Wanna watch me do it again?""",,,,,,,1615388926
125,"So how are you buying / managing / spending your Bitcoin at the moment with these orbital prices.

1.) Via P2P such as localbitcoins.com  
2.) Via apps with cards such as [tap.global](https://tap.global) and [crypto.com](https://crypto.com)  
3.) Via exchanges such as [binance.com/](https://www.binance.com)

Comment the number or add your own",,,,,,,1615390684
126,"I hope it goes down again, I wanna buy more ...",,,,,,,1615391391
127,Where mine,,,,,,,1615391694
128,Is that reversed?,,,,,,,1615392702
129,wtf,,,,,,,1615393230
130,That's great!  Wtf!,,,,,,,1615394010
131,Donâ€™t leave meðŸ¤­ðŸ˜€,,,,,,,1615394283
132,Wow ðŸ˜³,,,,,,,1615394752
133,This is unavoidable. Despite how much the price will fall. That is why I continue to hodl btc and eos on my ownr and trust wallets.,,,,,,,1615395814
134,Epic,,,,,,,1615396068
135,"The price of Bitcoin is still rising at the moment, and it seems that the expectation will be better than before",,,,,,,1615397073
136,What the fuck did I just see.,,,,,,,1615398385
137,The floor is lava,,,,,,,1615398992
138,I could happily sit and watch that for hours.,,,,,,,1615399638
139,"CRYPTO CURRENCY  IS THE FUTURE !! LIKE IT OR NOT,  TECH AND EV STOCKS WILL SKY ROCKET SOON IT IS JUST TECHNOLOGY DOING ITS THING , EVERYONE KNOWS THIS BUT STOCK MARKET BETTING AGAINST IT , BUT THEY CAN'T STOP A WORLD WILLING TO CHANGE AND UPGRADE TO A GREEN BRIGHTER FUTURE .. JOIN THE FUTURE AND ENJOY THE WEALTH ...",,,,,,,1615370731
140,"Get your own memes, wannabes.",,,,,,,1615379509
141,faek and gae,,,,,,,1615379978
142,"We should search for  hyping conditions in the crypto field! Thatâ€™s why Iâ€™ve purchased PHR tokens and got ready to take part the brand-new Graphene mainnet. It is faster, convenient, and much pliant than Ethereum, for ex",,,,,,,1615369887
143,"100% crypto back on eBay purchases up to $5000!!!!
Have you heard of the cryptoasset SocialGood (SG), which rose +7,529% within 15 days after listing?
Now you can get SG for free with the SocialGood App!
Don't miss your chance!
https://referral.socialgood.inc/?id=mw7l3Y",,,,,,,1615375617
144,Got paid 0.3029 BTC for a copy of a viral video back in 2016,2748,m1a9z3,Bitcoin,https://www.reddit.com/gallery/m1a9z3,197,,1615336562
145,"$200 at the time, $16,409.52 today.",,,,,,,1615336636
146,"Man, I wish I kept all the BTC I sold through the years.",,,,,,,1615338685
147,The smart people were everyone selling in the dark market... You can only pay with bitcoin so those guys all loaded with BTC.,,,,,,,1615343406
148,"On April 4th, 2012, someone paid me 1 BTC to watch a video without laughing.",,,,,,,1615351220
149,OG onlyfans?,,,,,,,1615346384
150,Email convo says it was 2014 ;),,,,,,,1615346095
151,"0.3 bitcoin is $200 right? - my dad, 2021",,,,,,,1615349514
152,In 2015 someone paid me 2.8 BTC for a Gucci hoodie. Ended up selling in Early 2016. Rip,,,,,,,1615354601
153,"Wow congratulations! This is great!
Did you keep it or already sold?",,,,,,,1615344457
154,"Remember like a few years ago there was some account called BitcoinMillionaire or something that was giving out 5-10 bitcoins for each comment?

I called him out as a fake and to prove me wrong, he sent me 5 BTC.

*shrug*  Life is absurd.",,,,,,,1615350440
155,I got paid [over 100 BTC](https://www.blockchain.com/btc/address/1BULVYwQY1DPwCvHTaveQraJ43A9Va19Z) for writing a blog in 2013-2018...,,,,,,,1615362807
156,"Plot twist, the OP scammed the poor network employee and there was never a video to begin with.


Sarcasm aside, I salute you for being an early adopter. I learned about Bitcoin in 2012, and although I believed it's the future, I didn't buy in until a couple of months back. So you can imagine how much I'm kicking myself everyday. I hope you kept those coins!",,,,,,,1615349481
157,Lmao this is awesome,,,,,,,1615339093
158,"wow 20,000 canadian ruples over here. nj Did you hang onto them :D?",,,,,,,1615343966
159,"the bigger question is, did you keep it, or did you cash it out?",,,,,,,1615347444
160,You both sound like scammers lol,,,,,,,1615365378
161,So did you keep it..?,,,,,,,1615346331
162,buena weon!!,,,,,,,1615354618
163,Only 16K to see OP's porn. Lol,,,,,,,1615360568
164,I always think these posts are silly and pointless. The guy who purchased the vid probably bought the bitcoin specifically for this transfer. You can take litterally any 200 usd you made in 2016 and turn it into bitcoin at the same time. Woopdiedoo its worth more now.,,,,,,,1615347568
165,Tell me you hedl on to it.,,,,,,,1615351048
166,Definetely porn,,,,,,,1615357987
167,Man I wish I sold my video for Bitcoin instead of USD...,,,,,,,1615358179
168,"when btc was $6 I spent one on a tshirt at 6dollarshirts that said ""Stark Industries""

It was a piece of shit and fell apart really quickly.

That's kind of the same thing right?

well maybe for 6dollarshirts it was",,,,,,,1615361406
169,I got 0.1 BTC to try out someone's new web wallet in 2013. Later he turned out to be a scammer and the wallet site went offline. But I had movie the 0.1 BTC out of the wallet beforehand. Easy money!,,,,,,,1615362604
170,Test,,,,,,,1615370108
171,Nice. TomÃ¡s wasn't that sure at the beginning but he just tagged along. Wonder if he still uses BTC to this day.,,,,,,,1615343048
172,You should email them now and thank them lol,,,,,,,1615353417
173,what a rush! congrats!,,,,,,,1615354156
174,30 million satoshis not bad ðŸ˜Š,,,,,,,1615354172
175,"Do something today that your future self will thank you for
Ask me How",,,,,,,1615356333
176,I lost my phrase I only purchased $20 worth in March 2016 but I wish I remembered my phrase,,,,,,,1615356559
177,Thatâ€™s how NFT thing began,,,,,,,1615356832
178,Beebo Walkins,,,,,,,1615357027
179,Oh dear. Well done dude!,,,,,,,1615358865
180,$200 eh? Not bad HAHAHA,,,,,,,1615360700
181,So when are you moving to the Citadel?,,,,,,,1615361024
182,"I get the whole ""too much info"" thing, but back then latinamerican banks really did ask for all that in order to make a transaction to an american one, it was about preventing money laundering. To this day I have to keep an account in dollars at my local bank to make this easier",,,,,,,1615362692
183,How did they offer you bitcoin in 2014 for the video when it went viral in 2016?  Chilllllllllllll!,,,,,,,1615363135
184,Still plenty to be made buying Bitciin now.,,,,,,,1615364892
185,Woah man nice!!!,,,,,,,1615366999
186,God damn frad,,,,,,,1615367604
187,Link to porn vid pls!,,,,,,,1615367636
188,Good call!,,,,,,,1615370436
189,"CRYPTO CURRENCY  IS THE FUTURE !! LIKE IT OR NOT,  TECH AND EV STOCKS WILL SKY ROCKET SOON IT IS JUST TECHNOLOGY DOING ITS THING , EVERYONE KNOWS THIS BUT STOCK MARKET BETTING AGAINST IT , BUT THEY CAN'T STOP A WORLD WILLING TO CHANGE AND UPGRADE TO A GREEN BRIGHTER FUTURE .. JOIN THE FUTURE AND ENJOY THE WEALTH ...",,,,,,,1615370709
190,Amazing. I cashed out Bovada bets to Bitcoin to not pay their fees after last years niners chiefs super bowl and then forgot about it. Was like $199 and when I went to buy more Bitcoin to gamble more this year it was like $1300. Didn't end up gambling this year just bought more Bitcoin,,,,,,,1615371055
191,r/sexonlsd.,,,,,,,1615371218
192,Congrats,,,,,,,1615371431
193,Show me how players,,,,,,,1615375007
194,"I sold a painting (in another crypto) for 450$ usd this week. If things go well i could honestly see this being the most expensive painting I've ever sold in my life.

Can easily 100x (in a couple years). Lol, would be amazing. 

I guess it could also go to $0 hahah ðŸ¤·â€â™‚ï¸",,,,,,,1615375724
195,Adress frad,,,,,,,1615386825
196,"Well I didnâ€™t expect to find  something good to put money in, but I was surprised when I came across Graphene. Did you hear  anything about this magic glue that works as the crossover between other mainnet?",,,,,,,1615389528
197,"Kindly asking for 500$ worth of Bitcoin , I desperately need it . Here is my Binance payment ID 92430034",,,,,,,1615387017
198,my Dream Car,43,m1rv7e,Bitcoin,https://www.reddit.com/r/Bitcoin/comments/m1rv7e/my_dream_car/,32,"I bought Bitcoins in 2013 when it was $124 AUD and held them. When it was $1000 I told many of my friends about it. No one knew Bitcoin and nobody believed me. I have done my duty and I kept quiet after that.

I had a dream of buying a BMW X5. Recently I sold 2 BTC to buy a brand new BWM X5. To show my gratitude to Bitcoin I also bought a personalised number plate starting with BTC.

When I drive this cat I feel like I am on top of the World.

Thanks, Bitcoin and the Bitcoin community.",1615389126
199,"Congrats on the car! Not to be a naysayer, but should you really want to advertise that you got rich off BTC with your license plate?",,,,,,,1615389959
200,"Make a post to r/CarsAndCrypto  

I bought my first BMW this summer. Luckily i didnt follow through on my claim to wife that iâ€™d buy it with crypto and i financed it. Paying it off heavily with crypto now though and sheâ€™s going under the knife next week for a big turbo and big fuel",,,,,,,1615390282
201,Meowzers!,,,,,,,1615395416
202,"When I drive this cat I feel like I am on top of the World, too.",,,,,,,1615392900
203,Might see some hate about how it's a depreciating money pit blah blah. Ignore it. You live only once. Welcome to the BMW family ;),,,,,,,1615389318
204,Goals but I'm gonna have an RS6 Avant,,,,,,,1615390231
205,"goodjob, in 5 years that x5 is worth less than 50k and btc is 500k.",,,,,,,1615392102
206,"congrats dude, i can imagine feeling like a boss",,,,,,,1615393988
207,"Congrats dude, but can an X5 really be a dream car? If it makes you happy then that's great but it's driven by school moms where I live.",,,,,,,1615399652
208,"Congrats, well done!",,,,,,,1615389207
209,Hell with the car average car. I took everything and bought bitcoin and Apple years ago. Couldnâ€™t afford a house living in a small apartment because I didnâ€™t have anything to save to put down. Drive a beater with 200k miles.  Wife would tell me I was a loser and stupid. She wanted to have a house and blah blah blah like her friends. Met a guy and dumped me because he can full full her needs.  Well fast forward 10 years later with my bitcoins and Apple shares and a hot new young 20â€™s girl friend half my age.  Thank goodness my wife left she is fat and ugly as fk. Got a nice big home on a lake that I host parties with these hot gals my gf invite over. A nice big boat and a Ferrari.  All paid for by a few coins an apple share.  Go big my friend.,,,,,,,1615394479
210,ðŸ¤œâ¤ðŸ¤›,,,,,,,1615389289
211,How much does the X5 cost in aussieland?,,,,,,,1615391526
212,Beware the new FUD campaign led by Gates and Others is obviously energy usage. Like having sound money isn't more important than 95% of shit the world wastes energy on. GTFO.,976,m16yrm,Bitcoin,https://www.reddit.com/r/Bitcoin/comments/m16yrm/beware_the_new_fud_campaign_led_by_gates_and/,271,"The principal of sound money is *THE* most important element missing in our modern society + a founding principal of bitcoin, and those that profit from the theft of printing easy money for the use of a few will continue their smear campaign against bitcoin on social media.  
  
Ask yourself what is more important than sound money?  The list shouldn't be more than 3 things long.
  
**Edit: and like clockwork there is a bitcoin energy FUD post on r/all** rn",1615327236
213,"Meanwhile what do they think gold is mined with, kittens and butterflies? Try coal, diesel, and slave labor.",,,,,,,1615336406
214,"I agree with Gates... We should shut down Microsoft.
Way too much energy consumption :^}",,,,,,,1615328434
215,"I cant listen to some rich old farts advice when he likely never faced  the hurdles we have to go through to move our money around.

He wants to travel with 50k in his pocket? hop on private plane boom done. no getting searched at the terminal lime some schmuck. 

He wants to buy something across the globe? gets one of his subsidiaries to open an llc an buy ot for him. 

We get fees and more fees, taxes bans on buying foreign currencies, our cash confiscated by the government, ridiculous inflation rates. As an american and a rich man this shit means nothing to him because money is just a number to him. I can respect some things he does but he is very out of touch with reality. 

Remember this is the guy who thought internet wasnâ€™t a big deal.",,,,,,,1615338769
216,"Inhumane conditions in Africa as we strip them of their gold.

[https://www.youtube.com/watch?v=c7iv1fef6qo&t=505s](https://www.youtube.com/watch?v=c7iv1fef6qo&t=505s)",,,,,,,1615334352
217,"Where is Gatesâ€™ rage against gold mining? Not only does it waste tons of resources including fossil fuels, it is also an environmental disaster.

Most gold spends its time as jewelry or sitting idle in some vault, so its utility is questionable.",,,,,,,1615336347
218,"Yup. Remember: yachts and private jets arenâ€™t a waste of energy, say nothing of the energy it takes to mine precious metals ðŸ˜‚",,,,,,,1615335108
219,Gates will poo poo Bitcoin until he announces that he's a Bitcoin holder and recognizes that it has a few redeeming qualities.,,,,,,,1615339627
220,Bitcoin security is backed by the miners. The Dollar is backed by the US military. There can't be comparison how much more energy the latter consumes relative to the former.,,,,,,,1615335307
221,I'm sure all the worlds banks and fiat payment processors aren't using much electricity to run all their servers and offices.,,,,,,,1615332017
222,"Kardashev scale literally measures the type of civilization on the amount of energy it can use and store. Bitcoin mining is driving the innovation in renewable sources and makes green power plants with excess power more profitable...  


To be fair there is still plenty of miners who use energy from non-renewable sources, but that is not a flaw of a Bitcoin. Tesla which uses electricity produced from fossil fuel power stations is also not eco-friendly.   


Idk, it is a pretty weak argument.",,,,,,,1615336717
223,"BTC indeed does consume a lot of energy. You have to love those charts that show the energy of BTC compared to the energy of countries. But... they don't make it clear if they did or did not exclude the mining power inside each country in that country's figures. Comparing it to countries isn't really a sound comparison. How much energy does it take to keep the lights on in every single Chase Bank on earth? How much energy do VISA's servers require to keep debit and credit cards useful? How much money is spent on running the machines that are used to accept debit card payments?

So what if BTC and ETH miners are running their cards 24/7? Don't VISA, Mastercard, Discover, and AmEx all keep their server farms running 24/7 so that you can make a purchase on Amazon or Newegg whether it's noon or midnight? These charts comparing mining to countries is so stupid.",,,,,,,1615347944
224,Is funny to see Gates attacking Bitcoin without looking at our the consumption based economy. The amount of useless shit we have can be all be traced back to promoting never ending consumption. But of course Bitcoin is the problem.,,,,,,,1615345005
225,I DONT MIND THE ENERGY CONSUMPTION FOR FREEDOM AND LIBERTY,,,,,,,1615345132
226,"Bitcoin is good for the environment.

* Excess methane gets combusted to produce energy for mining rigs. Simple venting is 0% efficient, as it releases the methane as is into the air, flaring can be only 20% efficient. Combusting in a generator is 99.5% efficient.
* On-site use of electricity incentivizes research into solar-energy and other forms of stranded renewable energy sources. Once they are production ready, that technology can then be used for populated areas.
* By obsoleting the fiat system, Bitcoin also obsoletes humankind's biggest waster of fossil and nuclear energy: the military industrial complex. Just like Bitcoin ""runs on cryptography"", the fiat system ""runs on military power"". Everything else is a rounding error compared to this fact alone and can thus be regarded as distraction or propaganda.",,,,,,,1615354600
227,If only Bitcoin could be as noble as the tens of millions of Xbox systems sucking energy left and right.,,,,,,,1615352370
228,"US appliances in stand by mode use 1,5X more electricity then bitcoin mining worldwide.",,,,,,,1615330511
229,"It's not FUD to acknowledge ASIC mining is untenable. That aspect of bitcoin does need to be acknowledged for full value realization. If a functionally infinite level of processing can be applied to the blockchain, which will be difficulty-corrected, then without regulation miners WILL allocate functionally infinite processing to the blockchain. We're not getting off this planet within the century, we need to take this seriously.",,,,,,,1615343038
230,"I think it is a wasted argument, given the copious amounts of waste we produce as a species for all kinds of relatively useless shit. 

More to the point, as the price of Bitcoin continues to rise, more and more high end engineering talent will go into developing more efficient and ecological mining solutions. Stopping it isn't a solution, it isn't even viable. Iterating and innovating is the real and ongoing solution.",,,,,,,1615334050
231,"Bitcoin uses a fraction of the energy of the global financial system.

People whoâ€™ve done that well on USD will just be against bitcoin because it threatens their wealth.",,,,,,,1615376216
232,"100% FUD

I keep getting downvoted on that thread for saying that 75% of Bitcoin is hydro power and itâ€™s gonna be 100% soon. Inner Mongolia is shutting down this month and that was most of the coal.

The fact is that Bitcoinâ€™s carbon footprint is way less than the NYT article implies. They need to interview actual miners not Bill Fucking Gates who knows jack shit about the Bitcoin mining industry.",,,,,,,1615370065
233,"1. Air 

2. Food

3. Cocaine",,,,,,,1615327866
234,"So a dude that became rich from stealing his OS, claims to be an expert on virology is now a climate change expert as well. F him",,,,,,,1615345503
235,"You guys might like this! From ARK
https://ark-invest.com/articles/analyst-research/bitcoin-myths/",,,,,,,1615336944
236,"The energy issue will be tackled within the next few years. Hope Bill is just as vocal about the world trying to restart the tourism industry, putting all those airplanes back in the sky..",,,,,,,1615338082
237,"It makes me sad to see someone like Bill Gates that has been such a proponent of modern networks throughout his life be so antagonistic to the digital monetary network of the future.  You'd think he, of all people, would understand.",,,,,,,1615343625
238,Also remember that most of the energy that bitcoin uses is energy that was either freely available or would have been wasted anyway.,,,,,,,1615345360
239,Agree. â€œNow that Iâ€™m a billionaire letâ€™s cock block everyone else.â€,,,,,,,1615345670
240,"I think the problem with bill gates is that he is surrounded by yes men. He never really gets challenged on his view points. And hey, the media will invite him to speak constantly, and he has billions of dollars, so why should he even question himself",,,,,,,1615345695
241,"Lets all go back to bartering pelts and spices, uses less energy. Am I right? ðŸ˜‚",,,,,,,1615345791
242,"Let's ignore the environmental and human rights disaster often associated with metals mining particularly in the emerging countries and focus on bashing the btc mining. 

Nice.",,,,,,,1615345933
243,We should stop printing fiat currencies. Ruining our environment by cutting down all those trees.,,,,,,,1615346028
244,"Energy that would otherwise be wasted is the cheapest energy, over time this is the energy that will be used for BTC",,,,,,,1615346130
245,Video games wastes more energy,,,,,,,1615346181
246,"Shut down the banks, they use FAR more energy and unnecessary in a completely crypto world.",,,,,,,1615347204
247,"As I have been saying for quite some time now, Bill Gates is nothing more than a shill for himself and has no business acting like he knows about global issues. Heâ€™s just jealous that the attention moved away from him and over to other guys like Steve Jobs and Elon Musk.",,,,,,,1615351984
248,"How much energy does it take to procure raw materials for creating cash? How much to run the printing machines? How much oil/gas do armored trucks and planes use on a daily basis to move cash around? How many computers and servers are running to facilitate the global central banking system? But sure, bitcoin is the problem...",,,,,,,1615356669
249,Every single concern troll about energy is completely null and void because their primary concern should be the advancement of nuclear power.,,,,,,,1615361461
250,If Gates tries to interfere with one more aspect of my life I will cuck his ancient wife so mf hard she will go back to running DOS.,,,,,,,1615375189
251,"What does Bill Gates have to say when it comes to that ??? A defeaning silence..
https://www.gq.com/story/qatar-outdoor-air-conditioning",,,,,,,1615392764
252,"Has anyone noticed when the energy efficiency congestion comes up regarding cryptography. All of a sudden Bill Gates and contributing FUD members act like itâ€™s not possible to run solar farms, or even possibly using wind turbines etc? Am I missing something or is this purposely left out because it debunks the whole premise of using to much energy?",,,,,,,1615336494
253,Agriculture is the world's biggest environmental issue but you don't hear about it because steak and money.,,,,,,,1615343297
254,Why canâ€™t Bill Gates just shut the fuck about one single topic for once in his life,,,,,,,1615344571
255,"We should throw out our cars and go back to horses.


As human technology advances we are going to require more power. Period.


How we obtain that power is the problem, not the energy consumption itself.",,,,,,,1615334159
256,"In a world without walls, there is no need for Windows or Gates ....",,,,,,,1615332611
257,"Well the thing is - is that I didn't fully appreciate how ""not all Watts are the same"". 

Some kilowatts are in the middle of nowhere, doing nothing. 

Others are ready available, connected to the grid and your wall outlet, and whether you use them or not are putting CO2 into the atmosphere.

Now a REALLY out there realization - is that electrons are everywhere in all kinds of matter that you can see. When you look outside and you see a simple rock, it's loaded with electrons. It's just not doing anything that we can power a lightbulb from. 

Now when you look up at the sun, there's lots and lots of photons coming off that, but they just warm the ground around you for the most part.

What you want to do is turn the rock into something that can collect photons and use that energy to move electrons. And FINALLY bitcoin helps you pay for that conversion.

Once you have enough spare energy on Earth, put to use, and not killing the planet with CO2, then you can really get things done.

MAYBE bitcoin is more of a way out of our ecological problems than we realized.",,,,,,,1615341753
258,"is someone who has a 66,000 sq ft house really that worried about energy consumption?",,,,,,,1615345946
259,Sound money and lowering emissions are both very important. There is a huge political push toward the latter and resistance for the former which will only grow as crypto disempowers central banking. Environmental regulation is a real threat to the value of crypto.,,,,,,,1615328616
260,"I love bitcoin, but there are so many lunatics on this community :/ that's sad",,,,,,,1615338215
261,"it's not FUD if it's accurate though. Bitcoin does need a lot of energy, this is quite precisely what makes it so secure",,,,,,,1615343084
262,"Gates wants the population to remain tethered to a system built around consumerism. I, and I'm sure many here, have have reduced our consumption to break from this system.",,,,,,,1615332113
263,"Not only sound money, but any lightning speed transactions that need authentication. Imagine stock shares that are safe from counterfeiting practices or currencies that are backed by Bitcoin.",,,,,,,1615336219
264,"I mean, I've seen data that shows that global gaming accounts for about 15% more energy than mining bitcoin...  Funny how they don't say gaming is bad for the environment",,,,,,,1615337396
265,Yea.... They're retarded,,,,,,,1615343125
266,"Hey, Iâ€™m all for Eth 2.0 ;)",,,,,,,1615343493
267,"Sadly, it seems most people still don't understand the concept of sound money.",,,,,,,1615344327
268,Imagine following the advice of supervillains,,,,,,,1615345314
269,"I don't think it's FUD, it is some real concern.",,,,,,,1615345554
270,"To my  knowledge there is no ""FUD campaign led by Gates"".

Bill Gates has not criticized bitcoin. Gates criticized **crypto**, then immediately retracted his statement.


> **Q:** Whatâ€™s the one tech innovation the world would be better off without?

> **A:** The way cryptocurrency works today allows for certain criminal activities. Itâ€™d be good to get rid of that.... I probably should have said bio weapons. Thatâ€™s a really bad thing. We shouldnâ€™t have technology for that. Bio weapons is the right answer.

https://www.wsj.com/articles/bill-gates-interview-advice-quotes-decisions-11613654671

The link above is behind a paywall. You may use [this browser extension.](https://github.com/iamadamdev/bypass-paywalls-chrome/blob/master/README.md)

In the past, Bill Gates has called bitcoin a ""techno tour-de-force"":

https://www.reddit.com/r/Bitcoin/comments/1dx6rq/bill_gates_bitcoin_is_a_techno_tour_de_force/",,,,,,,1615345609
271,"I think the environment is pretty important. Just learning about the negative environmental effects. Can someone explain please, won't the energy usage decrease once the final blockchain is created? Hopefully my question makes sense. Thanks to any explanations.",,,,,,,1615345702
272,You missed a beautiful pun opportunity here with 'FUD gates',,,,,,,1615345713
273,"I think the point is that this could be done in a different way without as much energy usage, but didnâ€™t see his statements.",,,,,,,1615345741
274,"I would like to see a legit breakdown and comparison to other services including the Fiat system, Facebook, Google etc etc.  With the world going more and more green, I am feeling less and less concerned about BTC power consumption, but it can be spun hard to derail BTC for a decade or more as clearly people are very influenceable.",,,,,,,1615346024
275,As if NFTs don't consume more energy than all the facebook servers combined?,,,,,,,1615347146
276,"Bill and Melinda foundation perhaps should use his computing power to help the un-banked or under-banked in developing nations. Micro lending, m-pasa and all that being predecessors. I don't get it why he's so dismissive.

Buffet/Munger, if they're such Smarty McSmartypantses, should get a legal opinion that they can use $216 insurance surplus to invest in bitcoin like Mass Mutual, instead of sitting there like Statler and Waldorf  barking out ""rat poison."" Instead presumably they put the surplus into other Berkshire stock, like Coca Cola, or float a bond. Bitcoin has a better return.",,,,,,,1615347418
277,If only there could sound money that only takes one wind turbine to power,,,,,,,1615348105
278,"The energy consumption FUD largely misses the point, it really does ask the wrong question about bitcoin mining. 

I wrote a bit about this on stack exchange recently: https://bitcoin.stackexchange.com/q/103369/63872",,,,,,,1615348266
279,Oil industry anyone?,,,,,,,1615348830
280,Bill gates is a puppet.,,,,,,,1615349575
281,"meh it's nonsense, bank system alone uses 100 times that of bitcoin and it only powers probably 1/2 the world who have access to it.

&#x200B;

Bitcoin is meant to power the entire world so it's only right when it adopts the world it uses similar amount of energy. This baby is gonna rock the world, wait til everyone has access to the internet they will have access to bitcoin",,,,,,,1615351562
282,How much money does the system that powers the dollar use? All those credit card readers and all the banks databases surely use energy. How much?,,,,,,,1615351858
283,"I think itâ€™s fair to take note of Bitcoinâ€™s energy consumption compared to other coins. I donâ€™t think it compares at all to traditional financial systems or whatever but still. There are also lots of ways that bitcoin could become more green so itâ€™s not like itâ€™s a done deal. Miners using solar/wind, stuff like that. I definitely think the wrong points are being taken away by the general public rn but it is good to be nice to earth.",,,,,,,1615351948
284," Half of the mining of Btc is done from Sichuan China cos of Hydro and also Greenland using geothermal energy. It's safe to say about 60% of the world's mining is done using green energy.
In the grand scheme of things his mansion prolly uses 20x the amt of electricity vs an average American home. What fud? Private jet? Go live off the grid then talk shit. Till then gtfo is right.",,,,,,,1615352469
285,new?,,,,,,,1615353791
286,"I wonder why we never hear of the mining groups who only used renewable energy? One group last week posted about how switching their operation to renewables (as in owning the turbines and panels etc) meant that Bitcoin could drop to 20k and they would still make a profit every day. I believe the f2pool are moving to a renewable platform as the China government told them to due to carbon reduction targets. So if theyâ€™re all switching to renewables to generate more profit, then whatâ€™s the issue? It simply doesnâ€™t fit in with the old money / power view of how the world works just for them, thatâ€™s their issue",,,,,,,1615354071
287,"Would love to see someone crunch the numbers to see what BTC energy usage would be if scaled to the level of adoption as say, the U.S. dollar.

Factoring in everything from the construction and maintenance of banks, the current energy cost of U.S. dollar transactions, mining the gold, shipping it across the goddamn world, etc.",,,,,,,1615354548
288,https://www.nytimes.com/2021/03/09/business/dealbook/bitcoin-climate-change.html,,,,,,,1615354958
289,He doesn't mind having the entire world running computers with his shit operating system. It's fine to use all that energy when he's the one getting paid from it... fuck him,,,,,,,1615355468
290,"Like modern banking infrastructure and all the real estate that comes with it wasn't or isn't energy intensive.

Shiddd....most of those companies are running retrofits on what office they still have because things are so insanely inefficient",,,,,,,1615356583
291,"All energy FUD is premised on the assumption that using ""excess"" energy is ""immoral"". Coming from Gates this is rich considering he originally bought Windows for $50,000, earning him, among others the title of ""Pirate(s) of Silicon Valley"". Gates is a ruthless businessman and has no moral authority to lecture anyone. I think this sort of FUD is best treated as noise, rather than warranting a response",,,,,,,1615358119
292,"Bitcoin is recognised as a store of value making it more comparable to gold. Gold on average uses 0.8 tonnes of CO2 per ounce of gold produced. In 2019, 109.6 million ounces of gold was mined equating to >87 million tonnes of CO2 emitted. In comparison Bitcoin was estimated to emit around 22 million tonnes of CO2 in 2019. Important things to note is Bitcoin can easily be net zero if ran on renewables and could replace gold which emits more CO2 and is environmentally destructive. 

Sources

Bitcoin CO2 footprint: https://www.sciencedirect.com/science/article/pii/S2542435119302557

2019 gold produced: https://www.spglobal.com/marketintelligence/en/news-insights/trending/zhSggm-ztc-nJuneeXr2dQ2

Gold CO2 estimate: https://www.spglobal.com/marketintelligence/en/news-insights/blog/greenhouse-gas-and-gold-mines-nearly-1-ton-of-co2-emitted-per-ounce-of-gold-produced-in-2019",,,,,,,1615358424
293,"Iâ€™ll listen to you, if you promise not to mention how much electricity every ATM and bank uses. 

Because Bitcoin is perfectly substitable for the dollar in every way. *sigh*",,,,,,,1615358833
294,Does anyone have the true estimate of the bitcoin energy useage?,,,,,,,1615359431
295,"So, are they just gonna ignore the whole - Three Gorges Dam in China producing renewable energy to power a very large portion of Bitcoin miners in the world - thing? We don't need to cut Bitcoin mining due to energy use. Just produce more BTC with renewables. There you go, I solved the crisis! I'll take my Nobel Prize and donation from the Gates Foundation now.",,,,,,,1615359928
296,"Does anybody have some resources with credible sources on this topic? I really love the ideas behind bitcoin, but I want to know how it compares to regular finance tools (banks, money orders, etc.) and what we're doing to ensure that it's sustainable. I want to be able to explain this to my friends that are concerned about bitcoin's impact on the environment.",,,,,,,1615360308
297,"Their dollar/euro/yen fiat systems are already backed by violence, so I assume at some point they will revert to violence or threats, eg taxes at the point of a gun",,,,,,,1615360959
298,there is literally two articles a week on bitcoin's supposed very very bad environmental impact with a simple answer: instead of wasting tons of resources invest in renewables & done; if the producer doesn't have a carbon footprint the consumer doesn't have too! for every such article we need an article discussing the counter argument! we need more mainstream articles pointing out these very simple facts!,,,,,,,1615361017
299,"I literally just saw a post in /all about this, and I was reading the comments and thinking if they were all stupid",,,,,,,1615361459
300,Gates? Isn't that the guy with needles for fingers?,,,,,,,1615362518
301,"Imagine trusting Bill ""Globohomo-sapiens"" Gates...",,,,,,,1615364340
302,"I noticed a lot of BTC energy news too. I threw together this website to check a transaction's carbon footprint. Most transactions are about as carbon-intensive as a few hamburgers.   
I'd love any feedback: bitcoinoffsets.com",,,,,,,1615364360
303,If Gates criticizes BTC Iâ€™m ever more all-in.,,,,,,,1615365923
304,"https://www.danheld.com/blog/2019/1/5/pow-is-efficent

https://medium.com/@hugonguyen/work-is-timeless-stake-is-not-554c4450ce18

https://www.coindesk.com/the-last-word-on-bitcoins-energy-consumption

https://www.coindesk.com/no-concentration-among-miners-isnt-going-to-break-bitcoin

https://medium.com/the-bitcoin-times/proof-of-work-the-fundamental-laws-of-physics-and-nature-33d95167c57a

https://medium.com/@nic__carter/its-the-settlement-assurances-stupid-5dcd1c3f4e41

https://medium.com/@hugonguyen/proof-of-stake-the-wrong-engineering-mindset-15e641ab65a2

https://medium.com/@hugonguyen/proof-of-stake-private-keys-attacks-and-unforgeable-costliness-the-unsung-hero-5caca70b01cb

https://medium.com/@jimmysong/mining-centralization-scenarios-b74102adbd36",,,,,,,1615368417
305,But you still need energy to produce toilet paper or fiat currencies.,,,,,,,1615369570
306,"The FUD goes up as BTC goes up.  The mind of the no-coiner will never admit ""I was dumb for not joining the winning team"".  Instead the mind of the no-coiner is ""that money I didn't make is somehow dirty.  We need to regulate it out of existence.""",,,,,,,1615369796
307,"This is the first time I have had a problem with Gates. Well, except for Windows 98 and Windows ME.... Seriously though Bill, your argument is just plain ignorant. He's the opposite of a fool so I wonder what his agenda is.",,,,,,,1615370540
308,"CRYPTO CURRENCY  IS THE FUTURE !! LIKE IT OR NOT,  TECH AND EV STOCKS WILL SKY ROCKET SOON IT IS JUST TECHNOLOGY DOING ITS THING , EVERYONE KNOWS THIS BUT STOCK MARKET BETTING AGAINST IT , BUT THEY CAN'T STOP A WORLD WILLING TO CHANGE AND UPGRADE TO A GREEN BRIGHTER FUTURE .. JOIN THE FUTURE AND ENJOY THE WEALTH ...",,,,,,,1615370744
309,Myth,,,,,,,1615378001
310,How much electricity has been consumed by personal computers? Or by cloud datacenters?,,,,,,,1615378738
311,"I love Bitcoin. But I am sometimes concerned about the energy usage - Iâ€™ve heard itâ€™s equal to one year of New Zealandâ€™s energy use?  Is this true?  And if so, is there a way we can reduce that? Also, will energy usage get higher, lower, or stay the same from now until 2140?  Iâ€™m genuinely asking out of curiosity because Iâ€™m admittedly ignorant and new to the world of Bitcoin and want to learn.",,,,,,,1615383516
312,I dislike  Bill Gates in most everything except his pro civil nuclear power stance,,,,,,,1615390893
313,"Everything valuable costs some kind of energy to make.. but maybe this FUD can also be positive in some weird way, maybe some nocoiners will be like: ""Oh so actually there IS something tangible behind bitcoin, there is some sort of intrinsic value: the energy that must be spent to produce it."" And that may lead some of those to dive deeper on the subject, at which point, we already know what's going to happen.",,,,,,,1615395232
314,"When price signals are distorted, actions cannot not reflect reality.

Here's a great infographic from ARK Invest showing bitcoin energy use compared to gold mining and traditional banking system [https://ark-invest.com/wp-content/uploads/2020/06/bitcoin-graph-8-ARK-Invest.png](https://ark-invest.com/wp-content/uploads/2020/06/bitcoin-graph-8-ARK-Invest.png) their full article includes comparisons of illicit activity conducted using bitcoin compared to USD cash, market cap vs. gold, volatility vs. price returns, and more. It's a great article that u/cayred85 also called out.",,,,,,,1615397605
315,"Yup. Letâ€™s also be honest, most of the people on there saying â€œboo Bitcoinâ€ are trying to rationalize why their net worth hasnâ€™t increased. â€œI missed out on Bitcoin not because Iâ€™m dumb but because Iâ€™m an ethical person, case in point Bitcoin uses a lot of energy hence itâ€™s bad for society and I donâ€™t contribute to thatâ€, itâ€™s sad. 

There is also a lot of anti-capitalist rhetoric on Reddit (borderline communist) and I think this is the effect of loose monetary policy where the money being created doesnâ€™t have a material impact on most. Itâ€™s kind of ironic that they think that the solution to their problems is more of what we have when it so clearly doesnâ€™t work.",,,,,,,1615399096
316,"As much as people hate on Nano here- thats one of its huge selling points. Its. Store of value that is energy efficient and doesnt harm the planet. Hate to say it, but a green coin is necessary for the future",,,,,,,1615334083
317,xbox is also a waste of energy. screw it.,,,,,,,1615338315
318,"What about them bombs the US drops on Syria , are they 100% clean and carbon neutral?",,,,,,,1615338749
319,Frick Bill Gates with the longest pole,,,,,,,1615339120
320,Wait you mean the man with the most cash is bashing the thing that threatens it? No way!,,,,,,,1615339896
321,"Bill Mr Gates cannot be forgiven for his travesty,  he is too connected to link the dots. He and his weasel Warren Buffet would rather give money to the China's economy.  He is really a disappointment and he will hurt the climate change battle morales.  I am no more a fan.",,,,,,,1615340303
322,">Ask yourself what is more important than sound money? The list shouldn't be more than 3 things long.

Food, water, warmth, rest, safety, security, intimate relationships, friends...

I suspect we could probably come up with more things that are more important than ""sound money"".

Also, humans have been obtaining these things since before money was even though of, so ""sound money"" is not required to obtain them.

Bitcoin mining does produce warmth though!",,,,,,,1615340918
323,Shut up,,,,,,,1615343681
324,"The fact that this story is the FUD proves to me that the game is over. They can't delegitmize  the core concept anymore but rather tangential cons...

The next step they  should take is to audit what percentage of miners  use renewable energy.  Since they want to make an accusation",,,,,,,1615345318
325,That's a false comparison (fallacy),,,,,,,1615337020
326,Time to shut down Xbox Live! it is using too much energy!,,,,,,,1615337972
327,"Proof that just because youâ€™re smart, it doesnâ€™t mean youâ€™re not going to parrot lies that serve you.",,,,,,,1615342491
328,"Exactly, FUD, nothing more. 

I'm quite sure that the carbon footprint of the banking cartels that fund war and conflict around the globe handily beat bitcoin's by a large factor. 

Funny how carbon footprint is top of the agenda now that global financial equality is on everyone's mind.",,,,,,,1615344753
329,Gates should stfu. He hasnâ€™t been relevant since MS-DOS.,,,,,,,1615336382
330,"Agreed, itâ€™s dumb. Bill Gates is great for humanity, but letâ€™s not pretend he is the all knowing futurist. He tried his best to tank Microsoft for 20 years, missing trend after trend. The browser, search engines, cell phones, etc. He got one thing VERY VERY right, and has gone on to miss most every other trend since that point. He also completely botched the CEO hire upon his exit, bringing on someone who shared his terrible view of the future.",,,,,,,1615328016
331,all that energy for the vaccines in the fridges,,,,,,,1615335771
332,"Spending more than 2 million USD per hour world wide ([https://www.bbc.com/news/technology-56012952](https://www.bbc.com/news/technology-56012952)) on securing pretty useless database and providing 7 tps with it, seems like a waste of a lot of resources. 

Bitcoin and the other minable cryptos are using the most dumb and nature harming technology so far.

&#x200B;

So I'd say it is not a FUD, its a bare truth. 

&#x200B;

Any miners should be charged with at least 99.9% CO2 tax on thier income. This will significantly increase bitcoin price, and govts will waste these taxes elsvere, increasing CO2 emission anyways, but who the fck cares.

&#x200B;

In 6-30 years we will reach the point of no return for global warming, with exponential emission of Methane from the seas and Sibiran Tundra. So you all may continue to mine bitcoin,  spread the plastic waste, increase CO2 emission, and let our children and grandchildren suffocate in unbreathable atmosphere.",,,,,,,1615392997
333,Bitcoin is not sound money. Anything a government cannot control is absurd and antithetical to government sovereignty. Bitcoin will be shut down. Energy usage just makes it worse.,,,,,,,1615340335
334,He's against BTC because he has been shorting Tesla and is desperate for it to go down,,,,,,,1615336551
335,Bitcoin when people say 58k was the peak,702,m18ci4,Bitcoin,https://youtu.be/gdWAhP8rYKA,49,,1615331341
336,"â€œIâ€™m in my primeâ€ lmao. This clip is perfect, love Sunny",,,,,,,1615344518
337,10/10,,,,,,,1615335770
338,top quality content right here,,,,,,,1615338548
339,I love how Charlie Day is doing everything he can to keep it together there.,,,,,,,1615339299
340,Iâ€™m a 5 star man!!,,,,,,,1615342485
341,It will peak... because of the implication,,,,,,,1615343202
342,"I bought about a week before when it was hovering around 46/47 and then was able to see the height, I put about a couple hundred in again after it fell back around 47/48. 

Its amazing to see the growth...ITS A RUSH",,,,,,,1615338999
343,"Bitcoin success is inevitable. If you are a Bitcoiner, your best days are ahead of you.",,,,,,,1615344455
344,XDDDDDDDDDD,,,,,,,1615336219
345,Sums my bullishness up well.,,,,,,,1615339063
346,"When it peaks... ppl will be kissing and hugging strangers. When it peaks, ppl will be getting new passports, living in non- first world countries. Living where the weather is sunny most of the time out the year. Trying to get new citizenship.",,,,,,,1615350717
347,Philly is ready for the peak,,,,,,,1615351825
348,[Bitcoin when people are debating giving up the HODL.](https://www.youtube.com/watch?v=PHjfhOdZWaM),,,,,,,1615356269
349,ðŸ‘,,,,,,,1615339318
350,Peaked?,,,,,,,1615347111
351,u/blackrnjesus,,,,,,,1615348114
352,"Buckle up, we're just getting started.",,,,,,,1615348395
353,Charlieâ€™s reaction is my favorite lol,,,,,,,1615349549
354,Reserving to watch later,,,,,,,1615350103
355,This is perfect,,,,,,,1615357596
356,It can't peak when it only goes up,,,,,,,1615362812
357,I bought into the first Etf at 58500. HOLDING TO THE MOON. Been a rough couple weeks. Pretty sure Elon doesn't want  sink tesla something is cooking.,,,,,,,1615362833
358,60k by the end of the week,,,,,,,1615363994
359,"Yeah, great clip.  Not sure what to expect from here but who knows?  Everyone always says us bitcoiners are crazy, ha ha on them :)",,,,,,,1615370352
360,"CRYPTO CURRENCY  IS THE FUTURE !! LIKE IT OR NOT,  TECH AND EV STOCKS WILL SKY ROCKET SOON IT IS JUST TECHNOLOGY DOING ITS THING , EVERYONE KNOWS THIS BUT STOCK MARKET BETTING AGAINST IT , BUT THEY CAN'T STOP A WORLD WILLING TO CHANGE AND UPGRADE TO A GREEN BRIGHTER FUTURE .. JOIN THE FUTURE AND ENJOY THE WEALTH ...",,,,,,,1615370801
361,Next peak will be 74.9k ... Followed by a 15-20k dip..,,,,,,,1615341577
362,"It probably peaked honestly. It'll probably go higher when the next halving happens but i'm pretty sure 58k was the peak of this bull run. The recent run might be a dead cat bounce.

I hope i'm wrong tho, wouldn't mind seeing a nice little 100k before 2022.",,,,,,,1615349122
363,"In might not have peaked yet....but how long do you think these democrats will allow unregulated currency to continue. 

I know one thing and that's that democrats love to regulate unregulated things. Oh you bring up crypto can't be regulated....

That's when they ban the use.",,,,,,,1615359857
364,"Sometimes when Iâ€™m having a hard day at work, I look at my portfolio and everything is ok ðŸ˜Œ",227,m1g1vv,Bitcoin,https://www.reddit.com/r/Bitcoin/comments/m1g1vv/sometimes_when_im_having_a_hard_day_at_work_i/,49,See you on the moonðŸš€,1615352077
365,"This can cut both ways.  I kind of liked it better when I wasn't checking it day by day.  This lasted a few years, then I heard it was over $50k on the news, so here I am being a crackhead over it for no good reason since I'm a HODLer.",,,,,,,1615353431
366,"That's your ""Fuck You"" money - nice to keep an eye on it as it grows.",,,,,,,1615354170
367,"Sometimes when Iâ€™m having a hard day at work, I look at my portfolio and shit myself :(",,,,,,,1615355015
368,Right? Green days make everything seem..alright.,,,,,,,1615352697
369,Same here man... enjoy it before the bear market,,,,,,,1615357426
370,"Keep going till you reach your moon, friend!!",,,,,,,1615352456
371,I check less when the market is going down and keep hitting refresh when it goes up......,,,,,,,1615360743
372,Weâ€™ve been on the moon ðŸŒ welcome ðŸš€,,,,,,,1615360502
373,"Did that today. RIOT, MARA, GBTC, BTC all up, granted they had a shitty week last week, and still havenâ€™t recovered my losses from that. But a few more days of this and Iâ€™ll be able to sell RIOT and pay off my car,  it just the down payment.",,,,,,,1615366277
374,"Sometimes when I'm having a hard day at work, I make sure not to look at my portfolio because that would make me cry even more.",,,,,,,1615384186
375,You still work? ðŸ˜Ž,,,,,,,1615364918
376,"Same! â˜ºï¸
Always cheers me up!",,,,,,,1615368214
377,If itâ€™s red Iâ€™m happy. If itâ€™s green Iâ€™m happyðŸš€,,,,,,,1615369775
378,When work is shit. I look at my colleagues and wonder what itâ€™s like to be oblivious to crypto and wonder what they are pumping their weekly pay into. Usually fee better after that.,,,,,,,1615397000
379,Yay me too when im feeling bad at work when i look at my portfolio,,,,,,,1615398526
380,"CRYPTO CURRENCY  IS THE FUTURE !! LIKE IT OR NOT,  TECH AND EV STOCKS WILL SKY ROCKET SOON IT IS JUST TECHNOLOGY DOING ITS THING , EVERYONE KNOWS THIS BUT STOCK MARKET BETTING AGAINST IT , BUT THEY CAN'T STOP A WORLD WILLING TO CHANGE AND UPGRADE TO A GREEN BRIGHTER FUTURE .. JOIN THE FUTURE AND ENJOY THE WEALTH ...",,,,,,,1615370832
381,didn't ask,,,,,,,1615352782
382,No ur dumb,,,,,,,1615352156
383,Built my own Bitcoin ticker... Iâ€™m easily amused,54,m1pea0,Bitcoin,https://v.redd.it/jbx6c4tcp4m61,16,,1615379561
384,Plan ahead for more digits.,,,,,,,1615379724
385,how are you sourcing the price data?,,,,,,,1615379870
386,This is nice! I'd suggest making it green when BTC is up and red when BTC is down though.,,,,,,,1615384456
387,"Thatâ€™s actually kind of neat. Iâ€™m too dumb to build my own, but smart enough to buy BTC.",,,,,,,1615382526
388,"I was inspired by another post here and took a shot at it using a little WiFi development board and an LED matrix. Currency is in CAD and different messages display for percent increases on the day. So, I got it working I was happyâ€¦ but then I realized that only 5 digits fit! BIG problem. An additional LED module is on the way to future proof.",,,,,,,1615379680
389,I'll buy it. How much.,,,,,,,1615381060
390,No me.,,,,,,,1615389021
391,$67766? Are these dollarydoos?,,,,,,,1615394476
392,Oil billionaire company buys $59 million in bitcoin,187,m1ga2r,Bitcoin,https://digesttime.com/2021/03/09/oil-billionaire-company-buys-59-million-in-bitcoin/,8,,1615352673
393," ""..will use the accumulation strategy (HODL) "" 

Lol, lovin it.",,,,,,,1615352942
394,"heres the company [https://www.bloomberg.com/quote/AKER:NO](https://www.bloomberg.com/quote/AKER:NO)

market cap $6B usd

revenues $725M usd

net income (profit) $86M usd

pays a dividend.

&#x200B;

This is a real company.",,,,,,,1615378472
395,Clever People,,,,,,,1615353343
396,It's just the beginning of companies needing to hedge against the financial uncertainty that is coming in 2021.,,,,,,,1615371076
397,Old news,,,,,,,1615368087
398,"archived article ([why](https://www.reddit.com/r/Journalism/comments/m0n184/contribute_to_internet_journalism_by_archiving/?)?):   

https://archive.ph/P8OWc",,,,,,,1615352880
399,We now have a Wiki page for our rules. Please read all of the rules before posting.,105,jjt3ia,doge,https://old.reddit.com/r/doge/wiki/rules,30,,1603937643
400,Much rules. Very authority.,,,,,,,1603951093
401,What's the rationale behind the narrow breadth of posts allowed on this sub? Doesn't seem like this type of sub would encounter many of the issues larger (and more divisive) subs would.,,,,,,,1603953713
402,"such read rulez

post memes

nice comments",,,,,,,1603972186
403,"A motherfucking Wikipedia page full of rules for a Doge sub ðŸ¤¦â€â™‚ï¸ Such order much bureaucracy, wow.",,,,,,,1603973260
404,According to rule 4 subrule 6a. I can only post while wearing a thong?  That seems sexist.,,,,,,,1612056565
405,Doge doge,,,,,,,1612532479
406,Will check it out. I have been a doge fan since EOBOT started hehe.,,,,,,,1611954661
407,So we getting into doge tonight after market close?,,,,,,,1611971006
408,Even rule makers get the shit talk here. You know you can't control us!,,,,,,,1613328446
409,I'm in 4 sho,,,,,,,1613889191
410,So you banned the one person here who could help you? The onion was quiet but the information cried was important. Too bad it is only in the hands of few now.,,,,,,,1614326922
411,"The real doge has no rules, only freedom.",,,,,,,1614439857
412,Such much!,,,,,,,1614931405
413,WARNING: Dogecoin posts are not allowed here and never have been. Bans will be handed out for all new Dogecoin posts.,257,l6z3l1,doge,https://www.reddit.com/r/doge/comments/l6z3l1/warning_dogecoin_posts_are_not_allowed_here_and/,192,"EDIT 3: Some people seem to not know that Doge came before Dogecoin. Where do you think the Doge in Dogecoin came from? This subreddit was created and dedicated to the Meme much longer before Dogecoin was ever even thought of. 

***

EDIT 2: A lot of questions I've answered ask ""What is /r/doge about if not about Dogecoin?""

The answer is that /r/doge is about the original Doge meme that the cryptocurrency was inspired from, and /r/dogecoin, which most of you are looking for, is the subreddit for all things Dogecoin-related. That's what the title of this post means: /r/doge and /r/dogecoin have always been separate. Just because /r/dogecoin uses ""doge"" as a ticker **does not** mean that /r/doge is the Dogecoin subreddit.

***

EDIT: The subreddit is now in manual approval mode due to the increase in Dogecoin spam. 

***

""Wait, Dogecoin posts aren't allowed here?""

Never has been ðŸŒ‘ðŸ‘©â€ðŸš€ðŸ”«ðŸ‘¨â€ðŸš€",1611875291
414,There really have been a lot of those lately,,,,,,,1611875376
415,[removed],,,,,,,1611889635
416,wow very spam,,,,,,,1611909788
417,"Man, I was super confused... Then I realized I got lazy and didn't finish typing in the subreddit ðŸ¤¦â€â™‚ï¸


^^Wow such stupid ^^^much ^^^dumb  
Very lazy ^^OMG  ^so ^derp",,,,,,,1613127808
418,"Totally agree. This page should only be about the doge meme as the moderator said..

To the moon. Diamond hands. Who's holding.",,,,,,,1613328010
419,[removed],,,,,,,1611909156
420,Oh I didnt know there was rules on what I can post and where I can post it I apologize! I dont know what I was thinking must have slipped my mind.,,,,,,,1612153281
421,Hahahaha,,,,,,,1611915752
422,Such sad.,,,,,,,1611918889
423,[removed],,,,,,,1611922780
424,[removed],,,,,,,1611923907
425,[removed],,,,,,,1611945237
426,"Honest question, please don't remove me mods, but why would doge coin posts be bad for the subreddit? The whole damn thing is a meme. So what if it makes a few people some money. If you want turn it into a good thing, promote doge coin or something and agree to donate a portion to animal rescue. Use the platform for good and don't shy away from doge coin posts, embrace it.",,,,,,,1612116431
427,Looks like you're in the wrong place. Lol,,,,,,,1612285131
428,What about Dogememes about Dogecoin?\^\^,,,,,,,1612311521
429,"https://basicattentiontoken.org
Worth a look if you like brave browser",,,,,,,1612613951
430,Why wouldnâ€™t you support it? Thatâ€™s weird,,,,,,,1612753192
431,"Am just curious. Why cant they post here about Dogecoin, its people own respebility if they invest in it or not so just asking whtas the problem. Strange that a coin is probid making commercial about it. I have invest for 250k euro in Dogecoin so i want to here news about them here",,,,,,,1612826005
432,Isnt this the doge page?,,,,,,,1613180489
433,SIACOIN TO THE MOONðŸš€ðŸš€ðŸš€,,,,,,,1613184060
434,Why so mean can't we all share,,,,,,,1613221393
435,Thatâ€™s not fair to all D0geCoin holders,,,,,,,1613477862
436,eww ban me now,,,,,,,1613644444
437,Cool so is there a separate forum for the forbidden that's not aloud here?,,,,,,,1613726404
438,ðŸ§©ðŸ§©ðŸ§©ðŸ§©ðŸ§©ðŸ§©ðŸ§©ðŸ§©ðŸ§©ðŸ§©ðŸ§©ðŸ§©ðŸ§©ðŸ§©ðŸ§©ðŸ§©ðŸ§©ðŸ§©ðŸ§©ðŸ§©ðŸ§©ðŸ§©ðŸ§©ðŸ§©ðŸ§©ðŸ§©ðŸ§©ðŸ§©ðŸ§©ðŸ§©ðŸ§©ðŸ§©ðŸ§©ðŸ§©ðŸ§©ðŸ§©ðŸ§©ðŸ§©ðŸ§©ðŸ§©ðŸ§©ðŸ§©ðŸ§©ðŸ§©ðŸ§©ðŸ§©ðŸ§©ðŸ§©ðŸ§©ðŸ§©ðŸ§©ðŸ§©ðŸ§©ðŸ§©ðŸ§©ðŸ§©ðŸ§©ðŸ§©ðŸ§©ðŸ§©ðŸ§©ðŸ§©ðŸ§©ðŸ§©ðŸ§©ðŸ§©ðŸ§©ðŸ§©ðŸ§©ðŸ§©ðŸ§©ðŸ§©ðŸ§©ðŸ§©ðŸ§©ðŸ§©ðŸ§©ðŸ§©ðŸ§©ðŸ§©ðŸ§©ðŸ§©ðŸ§©ðŸ§©ðŸ§©ðŸ§©ðŸ§©ðŸ§©ðŸ§©ðŸ§©ðŸ§©ðŸ§©ðŸ§©ðŸ§©ðŸ§©ðŸ§©ðŸ§©ðŸ§©ðŸ§©ðŸ§©ðŸ§©ðŸ§©ðŸ§©ðŸ§©ðŸ§©ðŸ§©ðŸ§©ðŸ§©ðŸ§©ðŸ§©ðŸ§©ðŸ§©ðŸ§©ðŸ§©ðŸ§©ðŸ§©ðŸ§©ðŸ§©ðŸ§©ðŸ§©ðŸ§©ðŸ§©ðŸ§©ðŸ§©ðŸ§©ðŸ§©ðŸ§©ðŸ§©ðŸ§©ðŸ§©ðŸ§©ðŸ§©ðŸ§©ðŸ§©ðŸ§©ðŸ§©ðŸ§©ðŸ§©ðŸ§©ðŸ§©ðŸ§©ðŸ§©ðŸ§©ðŸ§©ðŸ§©ðŸ§©ðŸ§©ðŸ§©ðŸ§©ðŸ§©ðŸ§©ðŸ§©ðŸ§©ðŸ§©ðŸ§©ðŸ§©ðŸ§©ðŸ§©ðŸ§©ðŸ§©ðŸ§©ðŸ§©ðŸ§©ðŸ§©ðŸ§©ðŸ§©ðŸ§©ðŸ§©ðŸ§©ðŸ§©ðŸ§©ðŸ§©ðŸ§©ðŸ§©ðŸ§©ðŸ§©ðŸ§©ðŸ§©ðŸ§©ðŸ§©ðŸ§©ðŸ§©ðŸ§©ðŸ§©ðŸ§©ðŸ§©ðŸ§©ðŸ§©ðŸ§©ðŸ§©ðŸ§©ðŸ§©ðŸ§©ðŸ§©ðŸ§©ðŸ§©ðŸ§©ðŸ§©ðŸ§©ðŸ§©ðŸ§©ðŸ§©ðŸ§©ðŸ§©ðŸ§©ðŸ§©ðŸ§©ðŸ§©ðŸ§©ðŸ§©ðŸ§©ðŸ§©ðŸ§©ðŸ§©ðŸ§©ðŸ§©ðŸ§©ðŸ§©ðŸ§©ðŸ§©ðŸ§©ðŸ§©ðŸ§©ðŸ§©ðŸ§©ðŸ§©ðŸ§©ðŸ§©ðŸ§©ðŸ§©ðŸ§©ðŸ§©ðŸ§©ðŸ§©ðŸ§©ðŸ§©ðŸ§©ðŸ§©ðŸ§©ðŸ§©ðŸ§©ðŸ§©ðŸ§©ðŸ§©ðŸ§©ðŸ§©ðŸ§©ðŸ§©ðŸ§©ðŸ§©ðŸ§©ðŸ§©ðŸ§©ðŸ§©ðŸ§©ðŸ§©ðŸ§©ðŸ§©ðŸ§©ðŸ§©ðŸ§©ðŸ§©ðŸ§©ðŸ§©ðŸ§©ðŸ§©ðŸ§©ðŸ§©ðŸ§©ðŸ§©ðŸ§©ðŸ§©ðŸ§©ðŸ§©ðŸ§©ðŸ§©ðŸ§©ðŸ§©ðŸ§©ðŸ§©ðŸ§©ðŸ§©ðŸ§©ðŸ§©ðŸ§©ðŸ§©ðŸ§©ðŸ§©ðŸ§©ðŸ§©ðŸ§©ðŸ§©ðŸ§©ðŸ§©ðŸ§©ðŸ§©ðŸ§©ðŸ§©ðŸ§©ðŸ§©ðŸ§©ðŸ§©ðŸ§©ðŸ§©ðŸ§©ðŸ§©ðŸ§©ðŸ§©ðŸ§©ðŸ§©ðŸ§©ðŸ§©ðŸ§©ðŸ§©ðŸ§©ðŸ§©ðŸ§©ðŸ§©ðŸ§©ðŸ§©ðŸ§©ðŸ§©ðŸ§©ðŸ§©ðŸ§©ðŸ§©ðŸ§©ðŸ§©ðŸ§©ðŸ§©ðŸ§©ðŸ§©ðŸ§©ðŸ§©ðŸ§©ðŸ§©ðŸ§©ðŸ§©ðŸ§©ðŸ§©ðŸ§©ðŸ§©ðŸ§©ðŸ§©ðŸ§©ðŸ§©ðŸ§©ðŸ§©ðŸ§©ðŸ§©ðŸ§©ðŸ§©ðŸ§©ðŸ§©ðŸ§©ðŸ§©ðŸ§©ðŸ§©ðŸ§©ðŸ§©ðŸ§©ðŸ§©ðŸ§©ðŸ§©ðŸ§©ðŸ§©ðŸ§©ðŸ§©ðŸ§©ðŸ§©ðŸ§©ðŸ§©ðŸ§©ðŸ§©ðŸ§©ðŸ§©ðŸ§©ðŸ§©ðŸ§©ðŸ§©ðŸ§©ðŸ§©ðŸ§©ðŸ§©ðŸ§©ðŸ§©ðŸ§©ðŸ§©ðŸ§©ðŸ§©ðŸ§©ðŸ§©ðŸ§©ðŸ§©ðŸ§©ðŸ§©ðŸ§©ðŸ§©ðŸ§©ðŸ§©ðŸ§©ðŸ§©ðŸ§©ðŸ§©ðŸ§©ðŸ§©ðŸ§©ðŸ§©ðŸ§©ðŸ§©ðŸ§©ðŸ§©ðŸ§©ðŸ§©ðŸ§©ðŸ§©ðŸ§©ðŸ§©ðŸ§©ðŸ§©ðŸ§©ðŸ§©ðŸ§©ðŸ§©ðŸ§©ðŸ§©ðŸ§©ðŸ§©ðŸ§©ðŸ§©ðŸ§©ðŸ§©ðŸ§©ðŸ§©ðŸ§©ðŸ§©ðŸ§©ðŸ§©ðŸ§©ðŸ§©ðŸ§©ðŸ§©ðŸ§©ðŸ§©ðŸ§©ðŸ§©ðŸ§©ðŸ§©ðŸ§©ðŸ§©ðŸ§©ðŸ§©ðŸ§©ðŸ§©ðŸ§©ðŸ§©ðŸ§©ðŸ§©ðŸ§©ðŸ§©ðŸ§©ðŸ§©ðŸ§©ðŸ§©ðŸ§©ðŸ§©ðŸ§©ðŸ§©ðŸ§©ðŸ§©ðŸ§©ðŸ§©ðŸ§©ðŸ§©ðŸ§©ðŸ§©ðŸ§©ðŸ§©ðŸ§©ðŸ§©ðŸ§©ðŸ§©ðŸ§©ðŸ§©ðŸ§©ðŸ§©ðŸ§©ðŸ§©ðŸ§©ðŸ§©ðŸ§©ðŸ§©ðŸ§©ðŸ§©ðŸ§©ðŸ§©ðŸ§©ðŸ§©ðŸ§©ðŸ§©ðŸ§©ðŸ§©ðŸ§©ðŸ§©ðŸ§©ðŸ§©ðŸ§©ðŸ§©ðŸ§©ðŸ§©ðŸ§©ðŸ§©ðŸ§©ðŸ§©ðŸ§©ðŸ§©ðŸ§©ðŸ§©ðŸ§©ðŸ§©ðŸ§©ðŸ§©ðŸ§©ðŸ§©ðŸ§©ðŸ§©ðŸ§©ðŸ§©ðŸ§©ðŸ§©ðŸ§©ðŸ§©ðŸ§©ðŸ§©ðŸ§©ðŸ§©ðŸ§©ðŸ§©ðŸ§©ðŸ§©ðŸ§©ðŸ§©ðŸ§©ðŸ§©ðŸ§©ðŸ§©ðŸ§©ðŸ§©ðŸ§©ðŸ§©ðŸ§©ðŸ§©ðŸ§©ðŸ§©ðŸ§©ðŸ§©ðŸ§©ðŸ§©ðŸ§©ðŸ§©ðŸ§©ðŸ§©ðŸ§©ðŸ§©ðŸ§©ðŸ§©ðŸ§©ðŸ§©ðŸ§©ðŸ§©ðŸ§©ðŸ§©ðŸ§©ðŸ§©ðŸ§©ðŸ§©ðŸ§©ðŸ§©ðŸ§©ðŸ§©ðŸ§©ðŸ§©ðŸ§©ðŸ§©ðŸ§©ðŸ§©ðŸ§©ðŸ§©ðŸ§©ðŸ§©ðŸ§©ðŸ§©ðŸ§©ðŸ§©ðŸ§©ðŸ§©ðŸ§©ðŸ§©ðŸ§©ðŸ§©ðŸ§©ðŸ§©ðŸ§©ðŸ§©ðŸ§©ðŸ§©ðŸ§©ðŸ§©ðŸ§©ðŸ§©ðŸ§©ðŸ§©ðŸ§©ðŸ§©ðŸ§©ðŸ§©ðŸ§©ðŸ§©ðŸ§©ðŸ§©ðŸ§©ðŸ§©ðŸ§©ðŸ§©ðŸ§©ðŸ§©ðŸ§©ðŸ§©ðŸ§©ðŸ§©ðŸ§©ðŸ§©ðŸ§©ðŸ§©ðŸ§©ðŸ§©ðŸ§©ðŸ§©ðŸ§©ðŸ§©ðŸ§©ðŸ§©ðŸ§©ðŸ§©ðŸ§©ðŸ§©ðŸ§©ðŸ§©ðŸ§©ðŸ§©ðŸ§©ðŸ§©ðŸ§©ðŸ§©ðŸ§©ðŸ§©ðŸ§©ðŸ§©ðŸ§©ðŸ§©ðŸ§©ðŸ§©ðŸ§©ðŸ§©ðŸ§©ðŸ§©ðŸ§©ðŸ§©ðŸ§©ðŸ§©ðŸ§©ðŸ§©ðŸ§©ðŸ§©ðŸ§©ðŸ§©ðŸ§©ðŸ§©ðŸ§©ðŸ§©ðŸ§©ðŸ§©ðŸ§©ðŸ§©ðŸ§©ðŸ§©ðŸ§©ðŸ§©ðŸ§©ðŸ§©ðŸ§©ðŸ§©ðŸ§©ðŸ§©ðŸ§©ðŸ§©ðŸ§©ðŸ§©ðŸ§©ðŸ§©ðŸ§©ðŸ§©ðŸ§©ðŸ§©ðŸ§©ðŸ§©ðŸ§©ðŸ§©ðŸ§©ðŸ§©ðŸ§©ðŸ§©ðŸ§©ðŸ§©ðŸ§©ðŸ§©ðŸ§©ðŸ§©ðŸ§©ðŸ§©ðŸ§©ðŸ§©ðŸ§©ðŸ§©ðŸ§©ðŸ§©ðŸ§©ðŸ§©ðŸ§©ðŸ§©ðŸ§©ðŸ§©ðŸ§©ðŸ§©ðŸ§©ðŸ§©ðŸ§©ðŸ§©ðŸ§©ðŸ§©ðŸ§©ðŸ§©ðŸ§©ðŸ§©ðŸ§©ðŸ§©ðŸ§©ðŸ§©ðŸ§©ðŸ§©ðŸ§©ðŸ§©ðŸ§©ðŸ§©ðŸ§©ðŸ§©ðŸ§©ðŸ§©ðŸ§©ðŸ§©ðŸ§©ðŸ§©ðŸ§©ðŸ§©ðŸ§©ðŸ§©ðŸ§©ðŸ§©ðŸ§©ðŸ§©ðŸ§©ðŸ§©ðŸ§©ðŸ§©ðŸ§©ðŸ§©ðŸ§©ðŸ§©ðŸ§©ðŸ§©ðŸ§©ðŸ§©ðŸ§©ðŸ§©ðŸ§©ðŸ§©ðŸ§©ðŸ§©ðŸ§©ðŸ§©ðŸ§©ðŸ§©ðŸ§©ðŸ§©ðŸ§©ðŸ§©ðŸ§©ðŸ§©ðŸ§©ðŸ§©ðŸ§©ðŸ§©ðŸ§©ðŸ§©ðŸ§©ðŸ§©ðŸ§©ðŸ§©ðŸ§©ðŸ§©ðŸ§©ðŸ§©ðŸ§©ðŸ§©ðŸ§©ðŸ§©ðŸ§©ðŸ§©ðŸ§©ðŸ§©ðŸ§©ðŸ§©ðŸ§©ðŸ§©ðŸ§©ðŸ§©ðŸ§©ðŸ§©ðŸ§©ðŸ§©ðŸ§©ðŸ§©ðŸ§©ðŸ§©ðŸ§©ðŸ§©ðŸ§©ðŸ§©ðŸ§©ðŸ§©ðŸ§©ðŸ§©ðŸ§©ðŸ§©ðŸ§©ðŸ§©ðŸ§©ðŸ§©ðŸ§©ðŸ§©ðŸ§©ðŸ§©ðŸ§©ðŸ§©ðŸ§©ðŸ§©ðŸ§©ðŸ§©ðŸ§©ðŸ§©ðŸ§©ðŸ§©ðŸ§©ðŸ§©ðŸ§©ðŸ§©ðŸ§©ðŸ§©ðŸ§©ðŸ§©ðŸ§©ðŸ§©ðŸ§©ðŸ§©ðŸ§©ðŸ§©ðŸ§©ðŸ§©ðŸ§©ðŸ§©ðŸ§©ðŸ§©ðŸ§©ðŸ§©ðŸ§©ðŸ§©ðŸ§©ðŸ§©ðŸ§©ðŸ§©ðŸ§©ðŸ§©ðŸ§©ðŸ§©ðŸ§©ðŸ§©ðŸ§©ðŸ§©ðŸ§©ðŸ§©ðŸ§©ðŸ§©ðŸ§©ðŸ§©ðŸ§©ðŸ§©ðŸ§©ðŸ§©ðŸ§©ðŸ§©ðŸ§©ðŸ§©ðŸ§©ðŸ§©ðŸ§©ðŸ§©ðŸ§©ðŸ§©ðŸ§©ðŸ§©ðŸ§©ðŸ§©ðŸ§©ðŸ§©ðŸ§©ðŸ§©ðŸ§©ðŸ§©ðŸ§©ðŸ§©ðŸ§©ðŸ§©ðŸ§©ðŸ§©ðŸ§©ðŸ§©ðŸ§©ðŸ§©ðŸ§©ðŸ§©ðŸ§©ðŸ§©ðŸ§©ðŸ§©ðŸ§©ðŸ§©ðŸ§©ðŸ§©ðŸ§©ðŸ§©ðŸ§©ðŸ§©ðŸ§©ðŸ§©ðŸ§©ðŸ§©ðŸ§©ðŸ§©ðŸ§©ðŸ§©,,,,,,,1613747762
439,I just saw this doge community Iâ€™m sorry ðŸ˜­ðŸ˜­ðŸ˜­,,,,,,,1613790394
440,[removed],,,,,,,1613852440
441,"Woof, and a woof! Cmon orangutans",,,,,,,1613889231
442,What is a doge meme?,,,,,,,1614113931
443,A lot of [ Removed] I see,,,,,,,1614135804
444,This is lame. Iâ€™m out.,,,,,,,1614143479
445,To the moon,,,,,,,1614234489
446,So you banned the one person here who could help you? The onion was quiet but the information cried was important. Too bad it is only in the hands of few now.,,,,,,,1614326933
447,r/unofficialdogecoin,,,,,,,1614658297
448,Wat about hoge?,,,,,,,1614660807
449,Its literally the same thing ðŸ¤¡,,,,,,,1615214101
450,Just for memes related to doge + not for dogecoin memes = dogecoin not related to doge? This is where you've taken them.,,,,,,,1615381363
451,[removed],,,,,,,1611894264
452,"That's right no one here dare to make comments about how skyrocket dogecoin will get if we hold it enough.

This is about the meme.",,,,,,,1611901316
453,lmao i bought a bunch of dogecoin back in like 2013 no clue where that wallet ended up tho. thank you mods for taking out the trash.,,,,,,,1611884203
454,Change the name then.,,,,,,,1612095492
455,This is a joke right lol we can only talk about what I like to talk about cause I'm 5 lol geesh,,,,,,,1612151126
456,The fact that youâ€™re so adamant about blocking it is pathetic. Why not just let people talk?,,,,,,,1612244733
457,"Weird fucking hill to die on, but you guys do you. Real cool club you have you here.",,,,,,,1612751008
458,What is doge?? I thought this was a dogecoin thread...,,,,,,,1611895114
459,What is this page for if not that? ðŸ¤”,,,,,,,1611968256
460,So confused,,,,,,,1612004499
461,Whatâ€™s the subreddit then?,,,,,,,1611884955
462,Such Player,188,lym0g9,doge,https://i.redd.it/7od1rp08z9l61.jpg,2,,1615007493
463,"Much savior, many bonk",,,,,,,1615008036
464,Much fast ðŸ•,,,,,,,1615040482
465,Such Chin!,323,lw03ka,doge,https://i.imgur.com/RpzU6Ul.png,9,,1614714072
466,Wow,,,,,,,1614736541
467,such chunk,,,,,,,1614723727
468,Very much so!,,,,,,,1614752727
469,Awww... whos a good doge? You're a good doge.,,,,,,,1614770252
470,very cute!,,,,,,,1614792318
471,Has anybody heard of Hoge coin? Similar to Doge coin but Deflationary and rewarding (holders receive additional coins by holding in wallet). I am not sure what is my take. Any advice or impressions by anybody? The site is Hoge.finance,,,,,,,1614978053
472,cutieðŸ˜€,,,,,,,1614983807
473,Doge Is Such Spy,391,lsjdmh,doge,https://i.redd.it/udn7pvryepj61.jpg,14,,1614322680
474,Idk why I thought those were ducks. I should go to bed now,,,,,,,1614328239
475,"But, where is he?",,,,,,,1614342031
476,where he is,,,,,,,1614386582
477,He always watches,,,,,,,1614624322
478,Yee he is but I canâ€™t for the life of me see why this has anything to do with this. It is just a bunch of hippos,,,,,,,1614377803
479,Is that John Cena?,,,,,,,1614395930
480,hahaha try [https://cryptonewsbtc.org/2021/02/26/elon-musk-unveils-his-own-cryptocurrency-exponent/](https://cryptonewsbtc.org/2021/02/26/elon-musk-unveils-his-own-cryptocurrency-exponent/),,,,,,,1614581753
481,https://www.reddit.com/r/UnofficialDogecoin/,,,,,,,1614659728
482,Doge? I just see hippos,,,,,,,1614686593
483,Lomve the wonderfulness.,,,,,,,1615024781
484,Such spy...much wow,,,,,,,1615282086
485,Brave doge,,,,,,,1614983844
486,much retro very postage,233,lqheql,doge,https://i.redd.it/f5ssg60v18j61.png,5,,1614112447
487,$300 apiece,,,,,,,1614130462
488,lol,,,,,,,1614132861
489,Wow,,,,,,,1614152161
490,Mass adoption of Shiba Inu Is the only way for capitalized,,,,,,,1614312259
491,So you banned the one person here who could help you? The onion was quiet but the information cried was important. Too bad it is only in the hands of few now.,,,,,,,1614326943
492,Nebuloge,364,lprnpf,doge,https://i.redd.it/6u9px51ou1j61.jpg,17,,1614037819
493,"At this point, just take my upvote.",,,,,,,1614038597
494,Much galaxy very star,,,,,,,1614039816
495,Fucking love it ðŸš€ðŸš€ðŸš€ðŸš€ðŸš€ðŸš€ðŸš€,,,,,,,1614039188
496,Did you make this?,,,,,,,1614040147
497,Once i figure the gifts thing im giving you the first.,,,,,,,1614043810
498,ðŸ’•,,,,,,,1614060972
499,"New here, want to know the best way to trade Doge coin",,,,,,,1614078390
500,[removed],,,,,,,1614079350
501,[DOJO](www.codingdojo.com) codingdojo.com.,,,,,,,1614079865
502,Anyone have any insight on NGAC? Iâ€™m reading about these SPACâ€™s and they seem to have a lot of potential.,,,,,,,1614115252
503,I sold Sundial Growers stock today at a 45% loss and bought more doge. Smart or dumb move? I am new to the stock market but I have steadily been in the red on SNDL from day one.,,,,,,,1614129590
504,Doge meme list https://youtu.be/J4yK_P0BbBs,,,,,,,1614255422
505,Doge in spaceðŸš€ðŸš€ðŸš€,,,,,,,1614983884
506,"Much thrill, very chase",271,lm1sm5,doge,https://i.redd.it/j3ypjkls43i61.jpg,8,,1613617056
507,ðŸš€ðŸš€ðŸš€,,,,,,,1613617817
508,DeathDoge 2000,,,,,,,1613619239
509,I'd watch it for my in-flight movie to the moon!   ðŸš€ðŸš€ ðŸš€ðŸš€ðŸš€,,,,,,,1613653984
510,Cmon you orangutans.  Dog to the clouds,,,,,,,1613889275
511,[removed],,,,,,,1613627145
512,ðŸ§©ðŸ§©ðŸ§©ðŸ§©ðŸ§©ðŸ§©ðŸ§©ðŸ§©ðŸ§©ðŸ§©ðŸ§©ðŸ§©ðŸ§©ðŸ§©ðŸ§©ðŸ§©ðŸ§©ðŸ§©ðŸ§©ðŸ§©ðŸ§©ðŸ§©ðŸ§©ðŸ§©ðŸ§©ðŸ§©ðŸ§©ðŸ§©ðŸ§©ðŸ§©ðŸ§©ðŸ§©ðŸ§©ðŸ§©ðŸ§©ðŸ§©ðŸ§©ðŸ§©ðŸ§©ðŸ§©ðŸ§©ðŸ§©ðŸ§©ðŸ§©ðŸ§©ðŸ§©ðŸ§©ðŸ§©ðŸ§©ðŸ§©ðŸ§©ðŸ§©ðŸ§©ðŸ§©ðŸ§©ðŸ§©ðŸ§©ðŸ§©ðŸ§©ðŸ§©ðŸ§©ðŸ§©ðŸ§©ðŸ§©ðŸ§©ðŸ§©ðŸ§©ðŸ§©ðŸ§©ðŸ§©ðŸ§©ðŸ§©ðŸ§©ðŸ§©ðŸ§©ðŸ§©ðŸ§©ðŸ§©ðŸ§©ðŸ§©ðŸ§©ðŸ§©ðŸ§©ðŸ§©ðŸ§©ðŸ§©ðŸ§©ðŸ§©ðŸ§©ðŸ§©ðŸ§©ðŸ§©ðŸ§©ðŸ§©ðŸ§©ðŸ§©ðŸ§©ðŸ§©ðŸ§©ðŸ§©ðŸ§©ðŸ§©ðŸ§©ðŸ§©ðŸ§©ðŸ§©ðŸ§©ðŸ§©ðŸ§©ðŸ§©ðŸ§©ðŸ§©ðŸ§©ðŸ§©ðŸ§©ðŸ§©ðŸ§©ðŸ§©ðŸ§©ðŸ§©ðŸ§©ðŸ§©ðŸ§©ðŸ§©ðŸ§©ðŸ§©ðŸ§©ðŸ§©ðŸ§©ðŸ§©ðŸ§©ðŸ§©ðŸ§©ðŸ§©ðŸ§©ðŸ§©ðŸ§©ðŸ§©ðŸ§©ðŸ§©ðŸ§©ðŸ§©ðŸ§©ðŸ§©ðŸ§©ðŸ§©ðŸ§©ðŸ§©ðŸ§©ðŸ§©ðŸ§©ðŸ§©ðŸ§©ðŸ§©ðŸ§©ðŸ§©ðŸ§©ðŸ§©ðŸ§©ðŸ§©ðŸ§©ðŸ§©ðŸ§©ðŸ§©ðŸ§©ðŸ§©ðŸ§©ðŸ§©ðŸ§©ðŸ§©ðŸ§©ðŸ§©ðŸ§©ðŸ§©ðŸ§©ðŸ§©ðŸ§©ðŸ§©ðŸ§©ðŸ§©ðŸ§©ðŸ§©ðŸ§©ðŸ§©ðŸ§©ðŸ§©ðŸ§©ðŸ§©ðŸ§©ðŸ§©ðŸ§©ðŸ§©ðŸ§©ðŸ§©ðŸ§©ðŸ§©ðŸ§©ðŸ§©ðŸ§©ðŸ§©ðŸ§©ðŸ§©ðŸ§©ðŸ§©ðŸ§©ðŸ§©ðŸ§©ðŸ§©ðŸ§©ðŸ§©ðŸ§©ðŸ§©ðŸ§©ðŸ§©ðŸ§©ðŸ§©ðŸ§©ðŸ§©ðŸ§©ðŸ§©ðŸ§©ðŸ§©ðŸ§©ðŸ§©ðŸ§©ðŸ§©ðŸ§©ðŸ§©ðŸ§©ðŸ§©ðŸ§©ðŸ§©ðŸ§©ðŸ§©ðŸ§©ðŸ§©ðŸ§©ðŸ§©ðŸ§©ðŸ§©ðŸ§©ðŸ§©ðŸ§©ðŸ§©ðŸ§©ðŸ§©ðŸ§©ðŸ§©ðŸ§©ðŸ§©ðŸ§©ðŸ§©ðŸ§©ðŸ§©ðŸ§©ðŸ§©ðŸ§©ðŸ§©ðŸ§©ðŸ§©ðŸ§©ðŸ§©ðŸ§©ðŸ§©ðŸ§©ðŸ§©ðŸ§©ðŸ§©ðŸ§©ðŸ§©ðŸ§©ðŸ§©ðŸ§©ðŸ§©ðŸ§©ðŸ§©ðŸ§©ðŸ§©ðŸ§©ðŸ§©ðŸ§©ðŸ§©ðŸ§©ðŸ§©ðŸ§©ðŸ§©ðŸ§©ðŸ§©ðŸ§©ðŸ§©ðŸ§©ðŸ§©ðŸ§©ðŸ§©ðŸ§©ðŸ§©ðŸ§©ðŸ§©ðŸ§©ðŸ§©ðŸ§©ðŸ§©ðŸ§©ðŸ§©ðŸ§©ðŸ§©ðŸ§©ðŸ§©ðŸ§©ðŸ§©ðŸ§©ðŸ§©ðŸ§©ðŸ§©ðŸ§©ðŸ§©ðŸ§©ðŸ§©ðŸ§©ðŸ§©ðŸ§©ðŸ§©ðŸ§©ðŸ§©ðŸ§©ðŸ§©ðŸ§©ðŸ§©ðŸ§©ðŸ§©ðŸ§©ðŸ§©ðŸ§©ðŸ§©ðŸ§©ðŸ§©ðŸ§©ðŸ§©ðŸ§©ðŸ§©ðŸ§©ðŸ§©ðŸ§©ðŸ§©ðŸ§©ðŸ§©ðŸ§©ðŸ§©ðŸ§©ðŸ§©ðŸ§©ðŸ§©ðŸ§©ðŸ§©ðŸ§©ðŸ§©ðŸ§©ðŸ§©ðŸ§©ðŸ§©ðŸ§©ðŸ§©ðŸ§©ðŸ§©ðŸ§©ðŸ§©ðŸ§©ðŸ§©ðŸ§©ðŸ§©ðŸ§©ðŸ§©ðŸ§©ðŸ§©ðŸ§©ðŸ§©ðŸ§©ðŸ§©ðŸ§©ðŸ§©ðŸ§©ðŸ§©ðŸ§©ðŸ§©ðŸ§©ðŸ§©ðŸ§©ðŸ§©ðŸ§©ðŸ§©ðŸ§©ðŸ§©ðŸ§©ðŸ§©ðŸ§©ðŸ§©ðŸ§©ðŸ§©ðŸ§©ðŸ§©ðŸ§©ðŸ§©ðŸ§©ðŸ§©ðŸ§©ðŸ§©ðŸ§©ðŸ§©ðŸ§©ðŸ§©ðŸ§©ðŸ§©ðŸ§©ðŸ§©ðŸ§©ðŸ§©ðŸ§©ðŸ§©ðŸ§©ðŸ§©ðŸ§©ðŸ§©ðŸ§©ðŸ§©ðŸ§©ðŸ§©ðŸ§©ðŸ§©ðŸ§©ðŸ§©ðŸ§©ðŸ§©ðŸ§©ðŸ§©ðŸ§©ðŸ§©ðŸ§©ðŸ§©ðŸ§©ðŸ§©ðŸ§©ðŸ§©ðŸ§©ðŸ§©ðŸ§©ðŸ§©ðŸ§©ðŸ§©ðŸ§©ðŸ§©ðŸ§©ðŸ§©ðŸ§©ðŸ§©ðŸ§©ðŸ§©ðŸ§©ðŸ§©ðŸ§©ðŸ§©ðŸ§©ðŸ§©ðŸ§©ðŸ§©ðŸ§©ðŸ§©ðŸ§©ðŸ§©ðŸ§©ðŸ§©ðŸ§©ðŸ§©ðŸ§©ðŸ§©ðŸ§©ðŸ§©ðŸ§©ðŸ§©ðŸ§©ðŸ§©ðŸ§©ðŸ§©ðŸ§©ðŸ§©ðŸ§©ðŸ§©ðŸ§©ðŸ§©ðŸ§©ðŸ§©ðŸ§©ðŸ§©ðŸ§©ðŸ§©ðŸ§©ðŸ§©ðŸ§©ðŸ§©ðŸ§©ðŸ§©ðŸ§©ðŸ§©ðŸ§©ðŸ§©ðŸ§©ðŸ§©ðŸ§©ðŸ§©ðŸ§©ðŸ§©ðŸ§©ðŸ§©ðŸ§©ðŸ§©ðŸ§©ðŸ§©ðŸ§©ðŸ§©ðŸ§©ðŸ§©ðŸ§©ðŸ§©ðŸ§©ðŸ§©ðŸ§©ðŸ§©ðŸ§©ðŸ§©ðŸ§©ðŸ§©ðŸ§©ðŸ§©ðŸ§©ðŸ§©ðŸ§©ðŸ§©ðŸ§©ðŸ§©ðŸ§©ðŸ§©ðŸ§©ðŸ§©ðŸ§©ðŸ§©ðŸ§©ðŸ§©ðŸ§©ðŸ§©ðŸ§©ðŸ§©ðŸ§©ðŸ§©ðŸ§©ðŸ§©ðŸ§©ðŸ§©ðŸ§©ðŸ§©ðŸ§©ðŸ§©ðŸ§©ðŸ§©ðŸ§©ðŸ§©ðŸ§©ðŸ§©ðŸ§©ðŸ§©ðŸ§©ðŸ§©ðŸ§©ðŸ§©ðŸ§©ðŸ§©ðŸ§©ðŸ§©ðŸ§©ðŸ§©ðŸ§©ðŸ§©ðŸ§©ðŸ§©ðŸ§©ðŸ§©ðŸ§©ðŸ§©ðŸ§©ðŸ§©ðŸ§©ðŸ§©ðŸ§©ðŸ§©ðŸ§©ðŸ§©ðŸ§©ðŸ§©ðŸ§©ðŸ§©ðŸ§©ðŸ§©ðŸ§©ðŸ§©ðŸ§©ðŸ§©ðŸ§©ðŸ§©ðŸ§©ðŸ§©ðŸ§©ðŸ§©ðŸ§©ðŸ§©ðŸ§©ðŸ§©ðŸ§©ðŸ§©ðŸ§©ðŸ§©ðŸ§©ðŸ§©ðŸ§©ðŸ§©ðŸ§©ðŸ§©ðŸ§©ðŸ§©ðŸ§©ðŸ§©ðŸ§©ðŸ§©ðŸ§©ðŸ§©ðŸ§©ðŸ§©ðŸ§©ðŸ§©ðŸ§©ðŸ§©ðŸ§©ðŸ§©ðŸ§©ðŸ§©ðŸ§©ðŸ§©ðŸ§©ðŸ§©ðŸ§©ðŸ§©ðŸ§©ðŸ§©ðŸ§©ðŸ§©ðŸ§©ðŸ§©ðŸ§©ðŸ§©ðŸ§©ðŸ§©ðŸ§©ðŸ§©ðŸ§©ðŸ§©ðŸ§©ðŸ§©ðŸ§©ðŸ§©ðŸ§©ðŸ§©ðŸ§©ðŸ§©ðŸ§©ðŸ§©ðŸ§©ðŸ§©ðŸ§©ðŸ§©ðŸ§©ðŸ§©ðŸ§©ðŸ§©ðŸ§©ðŸ§©ðŸ§©ðŸ§©ðŸ§©ðŸ§©ðŸ§©ðŸ§©ðŸ§©ðŸ§©ðŸ§©ðŸ§©ðŸ§©ðŸ§©ðŸ§©ðŸ§©ðŸ§©ðŸ§©ðŸ§©ðŸ§©ðŸ§©ðŸ§©ðŸ§©ðŸ§©ðŸ§©ðŸ§©ðŸ§©ðŸ§©ðŸ§©ðŸ§©ðŸ§©ðŸ§©ðŸ§©ðŸ§©ðŸ§©ðŸ§©ðŸ§©ðŸ§©ðŸ§©ðŸ§©ðŸ§©ðŸ§©ðŸ§©ðŸ§©ðŸ§©ðŸ§©ðŸ§©ðŸ§©ðŸ§©ðŸ§©ðŸ§©ðŸ§©ðŸ§©ðŸ§©ðŸ§©ðŸ§©ðŸ§©ðŸ§©ðŸ§©ðŸ§©ðŸ§©ðŸ§©ðŸ§©ðŸ§©ðŸ§©ðŸ§©ðŸ§©ðŸ§©ðŸ§©ðŸ§©ðŸ§©ðŸ§©ðŸ§©ðŸ§©ðŸ§©ðŸ§©ðŸ§©ðŸ§©ðŸ§©ðŸ§©ðŸ§©ðŸ§©ðŸ§©ðŸ§©ðŸ§©ðŸ§©ðŸ§©ðŸ§©ðŸ§©ðŸ§©ðŸ§©ðŸ§©ðŸ§©ðŸ§©ðŸ§©ðŸ§©ðŸ§©ðŸ§©ðŸ§©ðŸ§©ðŸ§©ðŸ§©ðŸ§©ðŸ§©ðŸ§©ðŸ§©ðŸ§©ðŸ§©ðŸ§©ðŸ§©ðŸ§©ðŸ§©ðŸ§©ðŸ§©ðŸ§©ðŸ§©ðŸ§©ðŸ§©ðŸ§©ðŸ§©ðŸ§©ðŸ§©ðŸ§©ðŸ§©ðŸ§©ðŸ§©ðŸ§©ðŸ§©ðŸ§©ðŸ§©ðŸ§©ðŸ§©ðŸ§©ðŸ§©ðŸ§©ðŸ§©ðŸ§©ðŸ§©ðŸ§©ðŸ§©ðŸ§©ðŸ§©ðŸ§©ðŸ§©ðŸ§©ðŸ§©ðŸ§©ðŸ§©ðŸ§©ðŸ§©ðŸ§©ðŸ§©ðŸ§©ðŸ§©ðŸ§©ðŸ§©ðŸ§©ðŸ§©ðŸ§©ðŸ§©ðŸ§©ðŸ§©ðŸ§©ðŸ§©ðŸ§©ðŸ§©ðŸ§©ðŸ§©ðŸ§©ðŸ§©ðŸ§©ðŸ§©ðŸ§©ðŸ§©ðŸ§©ðŸ§©ðŸ§©ðŸ§©ðŸ§©ðŸ§©ðŸ§©ðŸ§©ðŸ§©ðŸ§©ðŸ§©ðŸ§©ðŸ§©ðŸ§©ðŸ§©ðŸ§©ðŸ§©ðŸ§©ðŸ§©ðŸ§©ðŸ§©ðŸ§©ðŸ§©ðŸ§©ðŸ§©ðŸ§©ðŸ§©ðŸ§©ðŸ§©ðŸ§©ðŸ§©ðŸ§©ðŸ§©ðŸ§©ðŸ§©ðŸ§©ðŸ§©ðŸ§©ðŸ§©ðŸ§©ðŸ§©ðŸ§©ðŸ§©ðŸ§©ðŸ§©ðŸ§©ðŸ§©ðŸ§©ðŸ§©ðŸ§©ðŸ§©ðŸ§©ðŸ§©ðŸ§©ðŸ§©ðŸ§©ðŸ§©ðŸ§©ðŸ§©ðŸ§©ðŸ§©ðŸ§©ðŸ§©ðŸ§©ðŸ§©ðŸ§©ðŸ§©ðŸ§©ðŸ§©ðŸ§©ðŸ§©ðŸ§©ðŸ§©ðŸ§©ðŸ§©ðŸ§©ðŸ§©ðŸ§©ðŸ§©ðŸ§©ðŸ§©ðŸ§©ðŸ§©ðŸ§©ðŸ§©ðŸ§©ðŸ§©ðŸ§©ðŸ§©ðŸ§©ðŸ§©ðŸ§©ðŸ§©ðŸ§©ðŸ§©ðŸ§©ðŸ§©ðŸ§©ðŸ§©ðŸ§©ðŸ§©ðŸ§©ðŸ§©ðŸ§©ðŸ§©ðŸ§©,,,,,,,1613747769
513,So you banned the one person here who could help you? The onion was quiet but the information cried was important. Too bad it is only in the hands of few now.,,,,,,,1614326949
514,Edog,117,lkgs0x,doge,https://www.reddit.com/r/doge/comments/lkgs0x/edog/,7,"     â–ˆ   â–ˆ â–ˆâ–ˆâ–ˆ â–ˆ   â–ˆ 
     â–ˆ â–ˆ â–ˆ â–ˆ â–ˆ â–ˆ â–ˆ â–ˆ 
     â–ˆâ–ˆ â–ˆâ–ˆ â–ˆâ–ˆâ–ˆ â–ˆâ–ˆ â–ˆâ–ˆ 
          â–„      â–„   
         â–â–’â–€â–„â–„â–„â–„â–€â–’â–Œ  
       â–„â–€â–’â–’â–’â–’â–’â–’â–’â–’â–“â–€â–„ 
     â–„â–€â–‘â–ˆâ–‘â–‘â–‘â–‘â–ˆâ–‘â–‘â–’â–’â–’â– 
     â–Œâ–‘â–‘â–‘â–‘â–‘â–‘â–‘â–‘â–‘â–‘â–‘â–’â–’â– 
    â–â–’â–‘â–ˆâ–ˆâ–’â–’â–‘â–‘â–‘â–‘â–‘â–‘â–‘â–’â– 
    â–â–’â–‘â–“â–“â–’â–’â–’â–‘â–‘â–‘â–‘â–‘â–‘â–„â–€ 
     â–€â–„â–‘â–€â–€â–€â–€â–‘â–‘â–‘â–‘â–„â–€   
       â–€â–€â–„â–„â–„â–„â–„â–€â–€",1613434365
515,such minimal,,,,,,,1613435171
516,"Oh noes, reddit scrambles this on mobile :<",,,,,,,1613435468
517,Doge .... amazing,,,,,,,1613510299
518,I question my life now.,,,,,,,1613601811
519,much good many nice,,,,,,,1615228246
520,Shibe Valentine,302,liqw0z,doge,https://i.redd.it/hhq6n12yl5h61.jpg,10,,1613211190
521,The perfect valentine's card. period.,,,,,,,1613220682
522,Doge in search of valentine ??,,,,,,,1613231481
523,Keep barking dogeðŸš€,,,,,,,1613238728
524,Super love!,,,,,,,1613427135
525,To the moon,,,,,,,1613477877
526,ðŸ§©ðŸ§©ðŸ§©ðŸ§©ðŸ§©ðŸ§©ðŸ§©ðŸ§©ðŸ§©ðŸ§©ðŸ§©ðŸ§©ðŸ§©ðŸ§©ðŸ§©ðŸ§©ðŸ§©ðŸ§©ðŸ§©ðŸ§©ðŸ§©ðŸ§©ðŸ§©ðŸ§©ðŸ§©ðŸ§©ðŸ§©ðŸ§©ðŸ§©ðŸ§©ðŸ§©ðŸ§©ðŸ§©ðŸ§©ðŸ§©ðŸ§©ðŸ§©ðŸ§©ðŸ§©ðŸ§©ðŸ§©ðŸ§©ðŸ§©ðŸ§©ðŸ§©ðŸ§©ðŸ§©ðŸ§©ðŸ§©ðŸ§©ðŸ§©ðŸ§©ðŸ§©ðŸ§©ðŸ§©ðŸ§©ðŸ§©ðŸ§©ðŸ§©ðŸ§©ðŸ§©ðŸ§©ðŸ§©ðŸ§©ðŸ§©ðŸ§©ðŸ§©ðŸ§©ðŸ§©ðŸ§©ðŸ§©ðŸ§©ðŸ§©ðŸ§©ðŸ§©ðŸ§©ðŸ§©ðŸ§©ðŸ§©ðŸ§©ðŸ§©ðŸ§©ðŸ§©ðŸ§©ðŸ§©ðŸ§©ðŸ§©ðŸ§©ðŸ§©ðŸ§©ðŸ§©ðŸ§©ðŸ§©ðŸ§©ðŸ§©ðŸ§©ðŸ§©ðŸ§©ðŸ§©ðŸ§©ðŸ§©ðŸ§©ðŸ§©ðŸ§©ðŸ§©ðŸ§©ðŸ§©ðŸ§©ðŸ§©ðŸ§©ðŸ§©ðŸ§©ðŸ§©ðŸ§©ðŸ§©ðŸ§©ðŸ§©ðŸ§©ðŸ§©ðŸ§©ðŸ§©ðŸ§©ðŸ§©ðŸ§©ðŸ§©ðŸ§©ðŸ§©ðŸ§©ðŸ§©ðŸ§©ðŸ§©ðŸ§©ðŸ§©ðŸ§©ðŸ§©ðŸ§©ðŸ§©ðŸ§©ðŸ§©ðŸ§©ðŸ§©ðŸ§©ðŸ§©ðŸ§©ðŸ§©ðŸ§©ðŸ§©ðŸ§©ðŸ§©ðŸ§©ðŸ§©ðŸ§©ðŸ§©ðŸ§©ðŸ§©ðŸ§©ðŸ§©ðŸ§©ðŸ§©ðŸ§©ðŸ§©ðŸ§©ðŸ§©ðŸ§©ðŸ§©ðŸ§©ðŸ§©ðŸ§©ðŸ§©ðŸ§©ðŸ§©ðŸ§©ðŸ§©ðŸ§©ðŸ§©ðŸ§©ðŸ§©ðŸ§©ðŸ§©ðŸ§©ðŸ§©ðŸ§©ðŸ§©ðŸ§©ðŸ§©ðŸ§©ðŸ§©ðŸ§©ðŸ§©ðŸ§©ðŸ§©ðŸ§©ðŸ§©ðŸ§©ðŸ§©ðŸ§©ðŸ§©ðŸ§©ðŸ§©ðŸ§©ðŸ§©ðŸ§©ðŸ§©ðŸ§©ðŸ§©ðŸ§©ðŸ§©ðŸ§©ðŸ§©ðŸ§©ðŸ§©ðŸ§©ðŸ§©ðŸ§©ðŸ§©ðŸ§©ðŸ§©ðŸ§©ðŸ§©ðŸ§©ðŸ§©ðŸ§©ðŸ§©ðŸ§©ðŸ§©ðŸ§©ðŸ§©ðŸ§©ðŸ§©ðŸ§©ðŸ§©ðŸ§©ðŸ§©ðŸ§©ðŸ§©ðŸ§©ðŸ§©ðŸ§©ðŸ§©ðŸ§©ðŸ§©ðŸ§©ðŸ§©ðŸ§©ðŸ§©ðŸ§©ðŸ§©ðŸ§©ðŸ§©ðŸ§©ðŸ§©ðŸ§©ðŸ§©ðŸ§©ðŸ§©ðŸ§©ðŸ§©ðŸ§©ðŸ§©ðŸ§©ðŸ§©ðŸ§©ðŸ§©ðŸ§©ðŸ§©ðŸ§©ðŸ§©ðŸ§©ðŸ§©ðŸ§©ðŸ§©ðŸ§©ðŸ§©ðŸ§©ðŸ§©ðŸ§©ðŸ§©ðŸ§©ðŸ§©ðŸ§©ðŸ§©ðŸ§©ðŸ§©ðŸ§©ðŸ§©ðŸ§©ðŸ§©ðŸ§©ðŸ§©ðŸ§©ðŸ§©ðŸ§©ðŸ§©ðŸ§©ðŸ§©ðŸ§©ðŸ§©ðŸ§©ðŸ§©ðŸ§©ðŸ§©ðŸ§©ðŸ§©ðŸ§©ðŸ§©ðŸ§©ðŸ§©ðŸ§©ðŸ§©ðŸ§©ðŸ§©ðŸ§©ðŸ§©ðŸ§©ðŸ§©ðŸ§©ðŸ§©ðŸ§©ðŸ§©ðŸ§©ðŸ§©ðŸ§©ðŸ§©ðŸ§©ðŸ§©ðŸ§©ðŸ§©ðŸ§©ðŸ§©ðŸ§©ðŸ§©ðŸ§©ðŸ§©ðŸ§©ðŸ§©ðŸ§©ðŸ§©ðŸ§©ðŸ§©ðŸ§©ðŸ§©ðŸ§©ðŸ§©ðŸ§©ðŸ§©ðŸ§©ðŸ§©ðŸ§©ðŸ§©ðŸ§©ðŸ§©ðŸ§©ðŸ§©ðŸ§©ðŸ§©ðŸ§©ðŸ§©ðŸ§©ðŸ§©ðŸ§©ðŸ§©ðŸ§©ðŸ§©ðŸ§©ðŸ§©ðŸ§©ðŸ§©ðŸ§©ðŸ§©ðŸ§©ðŸ§©ðŸ§©ðŸ§©ðŸ§©ðŸ§©ðŸ§©ðŸ§©ðŸ§©ðŸ§©ðŸ§©ðŸ§©ðŸ§©ðŸ§©ðŸ§©ðŸ§©ðŸ§©ðŸ§©ðŸ§©ðŸ§©ðŸ§©ðŸ§©ðŸ§©ðŸ§©ðŸ§©ðŸ§©ðŸ§©ðŸ§©ðŸ§©ðŸ§©ðŸ§©ðŸ§©ðŸ§©ðŸ§©ðŸ§©ðŸ§©ðŸ§©ðŸ§©ðŸ§©ðŸ§©ðŸ§©ðŸ§©ðŸ§©ðŸ§©ðŸ§©ðŸ§©ðŸ§©ðŸ§©ðŸ§©ðŸ§©ðŸ§©ðŸ§©ðŸ§©ðŸ§©ðŸ§©ðŸ§©ðŸ§©ðŸ§©ðŸ§©ðŸ§©ðŸ§©ðŸ§©ðŸ§©ðŸ§©ðŸ§©ðŸ§©ðŸ§©ðŸ§©ðŸ§©ðŸ§©ðŸ§©ðŸ§©ðŸ§©ðŸ§©ðŸ§©ðŸ§©ðŸ§©ðŸ§©ðŸ§©ðŸ§©ðŸ§©ðŸ§©ðŸ§©ðŸ§©ðŸ§©ðŸ§©ðŸ§©ðŸ§©ðŸ§©ðŸ§©ðŸ§©ðŸ§©ðŸ§©ðŸ§©ðŸ§©ðŸ§©ðŸ§©ðŸ§©ðŸ§©ðŸ§©ðŸ§©ðŸ§©ðŸ§©ðŸ§©ðŸ§©ðŸ§©ðŸ§©ðŸ§©ðŸ§©ðŸ§©ðŸ§©ðŸ§©ðŸ§©ðŸ§©ðŸ§©ðŸ§©ðŸ§©ðŸ§©ðŸ§©ðŸ§©ðŸ§©ðŸ§©ðŸ§©ðŸ§©ðŸ§©ðŸ§©ðŸ§©ðŸ§©ðŸ§©ðŸ§©ðŸ§©ðŸ§©ðŸ§©ðŸ§©ðŸ§©ðŸ§©ðŸ§©ðŸ§©ðŸ§©ðŸ§©ðŸ§©ðŸ§©ðŸ§©ðŸ§©ðŸ§©ðŸ§©ðŸ§©ðŸ§©ðŸ§©ðŸ§©ðŸ§©ðŸ§©ðŸ§©ðŸ§©ðŸ§©ðŸ§©ðŸ§©ðŸ§©ðŸ§©ðŸ§©ðŸ§©ðŸ§©ðŸ§©ðŸ§©ðŸ§©ðŸ§©ðŸ§©ðŸ§©ðŸ§©ðŸ§©ðŸ§©ðŸ§©ðŸ§©ðŸ§©ðŸ§©ðŸ§©ðŸ§©ðŸ§©ðŸ§©ðŸ§©ðŸ§©ðŸ§©ðŸ§©ðŸ§©ðŸ§©ðŸ§©ðŸ§©ðŸ§©ðŸ§©ðŸ§©ðŸ§©ðŸ§©ðŸ§©ðŸ§©ðŸ§©ðŸ§©ðŸ§©ðŸ§©ðŸ§©ðŸ§©ðŸ§©ðŸ§©ðŸ§©ðŸ§©ðŸ§©ðŸ§©ðŸ§©ðŸ§©ðŸ§©ðŸ§©ðŸ§©ðŸ§©ðŸ§©ðŸ§©ðŸ§©ðŸ§©ðŸ§©ðŸ§©ðŸ§©ðŸ§©ðŸ§©ðŸ§©ðŸ§©ðŸ§©ðŸ§©ðŸ§©ðŸ§©ðŸ§©ðŸ§©ðŸ§©ðŸ§©ðŸ§©ðŸ§©ðŸ§©ðŸ§©ðŸ§©ðŸ§©ðŸ§©ðŸ§©ðŸ§©ðŸ§©ðŸ§©ðŸ§©ðŸ§©ðŸ§©ðŸ§©ðŸ§©ðŸ§©ðŸ§©ðŸ§©ðŸ§©ðŸ§©ðŸ§©ðŸ§©ðŸ§©ðŸ§©ðŸ§©ðŸ§©ðŸ§©ðŸ§©ðŸ§©ðŸ§©ðŸ§©ðŸ§©ðŸ§©ðŸ§©ðŸ§©ðŸ§©ðŸ§©ðŸ§©ðŸ§©ðŸ§©ðŸ§©ðŸ§©ðŸ§©ðŸ§©ðŸ§©ðŸ§©ðŸ§©ðŸ§©ðŸ§©ðŸ§©ðŸ§©ðŸ§©ðŸ§©ðŸ§©ðŸ§©ðŸ§©ðŸ§©ðŸ§©ðŸ§©ðŸ§©ðŸ§©ðŸ§©ðŸ§©ðŸ§©ðŸ§©ðŸ§©ðŸ§©ðŸ§©ðŸ§©ðŸ§©ðŸ§©ðŸ§©ðŸ§©ðŸ§©ðŸ§©ðŸ§©ðŸ§©ðŸ§©ðŸ§©ðŸ§©ðŸ§©ðŸ§©ðŸ§©ðŸ§©ðŸ§©ðŸ§©ðŸ§©ðŸ§©ðŸ§©ðŸ§©ðŸ§©ðŸ§©ðŸ§©ðŸ§©ðŸ§©ðŸ§©ðŸ§©ðŸ§©ðŸ§©ðŸ§©ðŸ§©ðŸ§©ðŸ§©ðŸ§©ðŸ§©ðŸ§©ðŸ§©ðŸ§©ðŸ§©ðŸ§©ðŸ§©ðŸ§©ðŸ§©ðŸ§©ðŸ§©ðŸ§©ðŸ§©ðŸ§©ðŸ§©ðŸ§©ðŸ§©ðŸ§©ðŸ§©ðŸ§©ðŸ§©ðŸ§©ðŸ§©ðŸ§©ðŸ§©ðŸ§©ðŸ§©ðŸ§©ðŸ§©ðŸ§©ðŸ§©ðŸ§©ðŸ§©ðŸ§©ðŸ§©ðŸ§©ðŸ§©ðŸ§©ðŸ§©ðŸ§©ðŸ§©ðŸ§©ðŸ§©ðŸ§©ðŸ§©ðŸ§©ðŸ§©ðŸ§©ðŸ§©ðŸ§©ðŸ§©ðŸ§©ðŸ§©ðŸ§©ðŸ§©ðŸ§©ðŸ§©ðŸ§©ðŸ§©ðŸ§©ðŸ§©ðŸ§©ðŸ§©ðŸ§©ðŸ§©ðŸ§©ðŸ§©ðŸ§©ðŸ§©ðŸ§©ðŸ§©ðŸ§©ðŸ§©ðŸ§©ðŸ§©ðŸ§©ðŸ§©ðŸ§©ðŸ§©ðŸ§©ðŸ§©ðŸ§©ðŸ§©ðŸ§©ðŸ§©ðŸ§©ðŸ§©ðŸ§©ðŸ§©ðŸ§©ðŸ§©ðŸ§©ðŸ§©ðŸ§©ðŸ§©ðŸ§©ðŸ§©ðŸ§©ðŸ§©ðŸ§©ðŸ§©ðŸ§©ðŸ§©ðŸ§©ðŸ§©ðŸ§©ðŸ§©ðŸ§©ðŸ§©ðŸ§©ðŸ§©ðŸ§©ðŸ§©ðŸ§©ðŸ§©ðŸ§©ðŸ§©ðŸ§©ðŸ§©ðŸ§©ðŸ§©ðŸ§©ðŸ§©ðŸ§©ðŸ§©ðŸ§©ðŸ§©ðŸ§©ðŸ§©ðŸ§©ðŸ§©ðŸ§©ðŸ§©ðŸ§©ðŸ§©ðŸ§©ðŸ§©ðŸ§©ðŸ§©ðŸ§©ðŸ§©ðŸ§©ðŸ§©ðŸ§©ðŸ§©ðŸ§©ðŸ§©ðŸ§©ðŸ§©ðŸ§©ðŸ§©ðŸ§©ðŸ§©ðŸ§©ðŸ§©ðŸ§©ðŸ§©ðŸ§©ðŸ§©ðŸ§©ðŸ§©ðŸ§©ðŸ§©ðŸ§©ðŸ§©ðŸ§©ðŸ§©ðŸ§©ðŸ§©ðŸ§©ðŸ§©ðŸ§©ðŸ§©ðŸ§©ðŸ§©ðŸ§©ðŸ§©ðŸ§©ðŸ§©ðŸ§©ðŸ§©ðŸ§©ðŸ§©ðŸ§©ðŸ§©ðŸ§©ðŸ§©ðŸ§©ðŸ§©ðŸ§©ðŸ§©ðŸ§©ðŸ§©ðŸ§©ðŸ§©ðŸ§©ðŸ§©ðŸ§©ðŸ§©ðŸ§©ðŸ§©ðŸ§©ðŸ§©ðŸ§©ðŸ§©ðŸ§©ðŸ§©ðŸ§©ðŸ§©ðŸ§©ðŸ§©ðŸ§©ðŸ§©ðŸ§©ðŸ§©ðŸ§©ðŸ§©ðŸ§©ðŸ§©ðŸ§©ðŸ§©ðŸ§©ðŸ§©ðŸ§©ðŸ§©ðŸ§©ðŸ§©ðŸ§©ðŸ§©ðŸ§©ðŸ§©ðŸ§©ðŸ§©ðŸ§©ðŸ§©ðŸ§©ðŸ§©ðŸ§©ðŸ§©ðŸ§©ðŸ§©ðŸ§©ðŸ§©ðŸ§©ðŸ§©ðŸ§©ðŸ§©ðŸ§©ðŸ§©ðŸ§©ðŸ§©ðŸ§©ðŸ§©ðŸ§©ðŸ§©,,,,,,,1613747777
527,So you banned the one person here who could help you? The onion was quiet but the information cried was important. Too bad it is only in the hands of few now.,,,,,,,1614326955
